vols_id,compagnie_id,ville_provenance,ville_destination,heure_depart,heure_arrivee,temps_de_vols
101,B6,CES,YUL,7:40,20:50,1:01
102,NK,IOM,YUL,22:14,16:23,1:42
103,TSC,VLI,YUL,5:09,9:45,2:21
104,EK,ATQ,YUL,21:34,8:01,2:13
105,B6,COD,YUL,3:18,13:50,1:11
106,FX,PMR,YUL,16:15,14:30,1:19
107,EY,YOW,YUL,12:18,0:56,2:38
108,QF,CRF,YUL,21:49,15:49,2:41
109,BA,ZYL,YUL,1:29,6:51,2:43
110,AM,OKC,YUL,21:55,3:40,2:29
111,JZA,DEL,YUL,23:21,10:34,2:11
112,AY,IAH,YUL,20:39,14:51,2:53
113,5Y,CON,YUL,22:07,12:39,1:47
114,F9,KID,YUL,19:17,13:02,1:01
115,QF,MPL,YUL,0:30,18:33,1:40
116,5Y,YAT,YUL,7:40,3:41,2:19
117,AS,GUM,YUL,16:13,7:19,2:41
118,FX,DSM,YUL,11:15,5:00,1:47
119,FX,ATQ,YUL,17:18,22:41,1:20
120,HX,YXU,YUL,0:19,18:10,1:04
121,EK,LEQ,YUL,3:35,21:19,2:44
122,CX,PNL,YUL,16:46,10:21,1:05
123,QF,LHR,YUL,20:13,21:14,1:20
124,KL,PAD,YUL,16:36,4:10,1:39
125,QF,IXJ,YUL,8:08,0:49,2:34
126,FI,HRL,YUL,12:11,6:36,2:34
127,5X,AZO,YUL,15:37,5:14,1:31
128,HX,LUG,YUL,1:38,10:27,1:04
129,VX,PXO,YUL,10:39,11:40,2:20
130,BA,FNJ,YUL,23:27,14:26,2:54
131,SQ,BRN,YUL,19:45,6:15,2:02
132,HA,SBU,YUL,20:00,20:51,1:20
133,NZ,PMW,YUL,12:44,7:54,1:17
134,KL,DPO,YUL,3:15,17:24,1:31
135,BR,TTN,YUL,5:29,3:52,1:07
136,SY,KCH,YUL,13:12,0:29,2:12
137,VX,SZB,YUL,7:53,11:52,2:12
138,B6,SDQ,YUL,13:26,1:14,2:16
139,EK,JWA,YUL,22:09,10:49,1:23
140,VS,AKL,YUL,21:20,10:24,2:16
141,LX,WEI,YUL,3:33,1:50,2:42
142,LX,MTS,YUL,21:53,11:45,1:41
143,KL,KTM,YUL,20:07,11:35,1:11
144,ROU,FOU,YUL,3:15,18:42,1:06
145,B6,ROB,YUL,13:46,7:13,1:23
146,PD,MMA,YUL,9:49,6:05,1:03
147,FX,POR,YUL,21:10,1:16,1:51
148,VX,ADJ,YUL,6:13,6:48,2:40
149,BR,HER,YUL,4:25,16:37,1:23
150,LX,SID,YUL,14:51,16:18,1:47
151,AF,VPS,YUL,7:05,5:41,2:51
152,SWG,YGX,YUL,18:24,17:05,2:01
153,B6,AUE,YUL,14:27,21:17,2:26
154,CU,RHI,YUL,12:40,6:44,1:01
155,LH,YQD,YUL,3:42,14:31,2:46
156,NZ,WHK,YUL,1:25,11:19,1:33
157,EK,IOM,YUL,21:44,22:14,1:56
158,5X,CLQ,YUL,1:24,0:07,2:17
159,PD,ETZ,YUL,22:43,13:44,2:40
160,AM,MDC,YUL,21:13,13:42,1:11
161,GA,KUL,YUL,23:49,15:23,1:32
162,HA,AYW,YUL,16:45,4:08,1:12
163,SY,IRO,YUL,15:35,20:54,1:46
164,QF,MKE,YUL,23:09,7:59,2:48
165,LH,SKV,YUL,2:38,7:44,2:38
166,CX,TAK,YUL,9:17,16:27,2:37
167,WN,PZH,YUL,18:02,15:28,2:39
168,VX,PNL,YUL,15:03,4:56,2:49
169,F9,airport_code,YUL,9:01,0:16,1:36
170,TSC,BGF,YUL,8:45,5:36,2:06
171,VS,RIX,YUL,23:08,20:39,1:32
172,KL,BKW,YUL,15:14,12:54,2:46
173,PO,OGG,YUL,18:17,2:49,2:44
174,EY,SVL,YUL,22:40,1:32,2:43
175,GA,EIN,YUL,18:19,18:48,1:51
176,HA,LZC,YUL,0:29,21:14,2:47
177,UA,LFW,YUL,16:42,7:18,2:48
178,DY,PAH,YUL,8:17,21:17,1:59
179,SY,HAR,YUL,19:10,15:50,1:28
180,SQ,PLN,YUL,16:14,17:03,2:25
181,QR,HDD,YUL,8:37,4:58,2:10
182,PD,JKV,YUL,10:06,9:27,2:30
183,TK,SDL,YUL,13:22,7:03,2:55
184,SY,LYR,YUL,3:17,21:10,1:00
185,DL,RHO,YUL,19:31,17:45,2:28
186,VS,ABS,YUL,23:13,11:57,2:55
187,TSC,SKS,YUL,22:00,4:02,2:38
188,DL,SVG,YUL,21:00,21:25,2:03
189,F9,SHE,YUL,1:38,0:28,1:53
190,AM,QNB,YUL,19:05,13:12,2:42
191,B6,ABE,YUL,7:28,10:02,1:04
192,AS,STN,YUL,18:10,22:20,2:45
193,BA,ILI,YUL,19:47,10:36,1:45
194,AZ,EMY,YUL,1:22,17:53,2:19
195,KL,JXN,YUL,3:50,0:15,1:48
196,AM,ILP,YUL,22:50,0:54,1:21
197,VS,BAQ,YUL,13:59,5:24,2:51
198,DY,ACH,YUL,8:32,9:05,1:38
199,PO,GLA,YUL,8:03,3:11,1:44
200,UA,BEL,YUL,2:02,4:00,1:50
201,DY,MQL,YUL,11:03,8:17,1:53
202,EK,VST,YUL,7:36,12:17,1:58
203,SQ,ILI,YUL,4:44,2:44,1:10
204,CX,OMO,YUL,3:21,21:27,2:41
205,BR,AOO,YUL,6:10,22:45,1:14
206,5X,LED,YUL,9:38,10:09,1:38
207,DL,KSL,YUL,7:32,19:14,1:38
208,F9,BOI,YUL,19:53,12:00,1:07
209,SY,JHQ,YUL,12:21,4:40,2:36
210,AM,DSA,YUL,4:19,10:20,2:24
211,PD,ULU,YUL,2:54,22:48,1:34
212,AZ,JTI,YUL,4:48,6:55,1:04
213,UA,RAP,YUL,12:08,9:35,2:46
214,CU,JNB,YUL,8:03,13:04,1:03
215,TSC,MED,YUL,16:45,0:20,1:44
216,5X,BAQ,YUL,9:08,14:23,2:34
217,FX,YVP,YUL,10:54,7:36,2:14
218,AA,AAC,YUL,6:32,4:25,1:21
219,AA,LRD,YUL,12:45,19:36,2:26
220,DY,LFW,YUL,20:28,14:31,2:12
221,QF,HKG,YUL,23:42,19:15,1:31
222,EY,ALC,YUL,0:02,19:01,1:21
223,AM,ILE,YUL,11:21,23:09,1:37
224,SY,FNC,YUL,1:46,23:00,1:23
225,AS,JTR,YUL,13:00,13:44,1:10
226,AF,BMI,YUL,10:13,6:57,2:14
227,JL,MXP,YUL,11:56,14:56,2:57
228,SQ,NEV,YUL,21:07,12:26,2:30
229,F9,GTF,YUL,22:20,6:33,1:44
230,WN,SBU,YUL,20:53,6:06,2:52
231,NK,NKC,YUL,19:30,10:23,2:53
232,LX,BJV,YUL,10:15,15:18,2:55
233,EK,EDR,YUL,13:40,16:10,1:45
234,QR,FNA,YUL,16:47,8:59,2:57
235,VX,UCT,YUL,17:31,18:09,2:46
236,AS,ASK,YUL,6:20,17:50,2:43
237,AM,BZV,YUL,23:10,0:47,2:46
238,TSC,MBA,YUL,18:48,13:17,1:55
239,F9,SDY,YUL,2:35,10:54,1:24
240,JL,NBO,YUL,20:39,7:05,2:12
241,G4,ULB,YUL,17:07,19:11,1:29
242,EK,HRE,YUL,16:41,8:35,1:37
243,BA,SJD,YUL,14:35,1:39,2:12
244,ROU,BHM,YUL,18:27,21:45,2:43
245,SQ,JIJ,YUL,15:46,1:43,2:51
246,5X,TFS,YUL,23:34,3:25,1:33
247,B6,TKS,YUL,10:30,20:52,1:25
248,JZA,UMD,YUL,5:39,5:56,1:57
249,5X,PRY,YUL,1:59,9:16,1:27
250,F9,JNA,YUL,19:18,17:59,1:06
251,AS,CRW,YUL,10:59,0:36,1:21
252,SY,HNA,YUL,17:27,21:27,1:38
253,GA,BKW,YUL,13:19,0:29,1:12
254,JL,NNG,YUL,21:09,9:46,2:17
255,BA,CIW,YUL,10:51,10:43,2:54
256,B6,KRB,YUL,16:32,2:58,2:57
257,CX,TOL,YUL,22:01,12:32,2:21
258,BR,MGH,YUL,2:02,16:11,1:52
259,UA,TNA,YUL,8:11,12:22,2:20
260,TSC,LWB,YUL,20:55,14:09,1:54
261,F9,NGO,YUL,15:19,2:45,2:42
262,5X,ASE,YUL,3:11,12:03,1:52
263,QF,UNT,YUL,18:55,6:59,1:49
264,DL,WDH,YUL,2:55,23:02,1:07
265,AA,JCB,YUL,11:28,7:39,1:34
266,AS,HAJ,YUL,4:38,22:30,2:53
267,PO,LEX,YUL,22:58,23:54,1:57
268,AY,TBU,YUL,23:55,7:08,2:36
269,QR,NOC,YUL,4:58,19:31,1:47
270,BA,CLQ,YUL,3:20,18:36,2:28
271,CX,JHB,YUL,8:33,12:56,1:47
272,AM,BLR,YUL,12:10,10:31,1:09
273,AY,ETZ,YUL,21:47,2:14,1:10
274,JL,RAR,YUL,17:53,12:32,1:20
275,5X,DUT,YUL,0:10,3:01,1:14
276,QR,TMW,YUL,0:15,10:27,1:17
277,ROU,ORH,YUL,6:27,12:35,1:12
278,WN,GSO,YUL,14:50,17:02,1:16
279,HA,MIA,YUL,8:18,1:21,1:40
280,EK,ABY,YUL,9:54,14:43,1:31
281,AM,MCO,YUL,1:06,14:56,1:33
282,HX,RBA,YUL,4:59,18:22,2:45
283,AM,AMS,YUL,16:19,12:41,1:39
284,SWG,TMS,YUL,1:14,6:52,2:49
285,UA,JIU,YUL,10:03,14:06,1:54
286,NK,ARB,YUL,23:26,11:12,1:47
287,BA,NIP,YUL,13:26,13:48,2:09
288,QF,YUM,YUL,19:08,3:50,2:49
289,LH,MAZ,YUL,1:26,7:30,1:48
290,GA,ETH,YUL,20:53,12:25,1:37
291,BR,GPT,YUL,3:14,20:10,2:22
292,DY,SZB,YUL,17:57,17:21,2:57
293,5Y,SGU,YUL,5:37,22:03,2:02
294,NK,BTR,YUL,19:08,21:06,2:00
295,KL,WVB,YUL,16:11,14:34,2:40
296,EY,FNT,YUL,21:52,1:49,1:55
297,PO,LGB,YUL,20:44,18:36,1:39
298,5Y,SLS,YUL,12:04,8:48,2:34
299,GA,SFA,YUL,1:00,7:56,1:12
300,DL,CBU,YUL,14:01,5:39,2:42
301,QR,NAP,YUL,21:26,14:29,1:04
302,HX,LEK,YUL,17:19,10:03,2:15
303,TSC,ELL,YUL,2:03,11:14,2:12
304,G4,SPI,YUL,19:13,15:10,2:05
305,CX,TEM,YUL,10:28,16:05,1:16
306,NZ,NOU,YUL,14:00,17:09,1:44
307,TK,SPY,YUL,23:03,6:13,1:40
308,VS,GOZ,YUL,16:08,10:29,1:02
309,AA,RUH,YUL,11:28,14:27,2:53
310,FX,DOH,YUL,9:56,0:22,2:31
311,BA,ENA,YUL,6:38,15:25,1:10
312,TK,UNT,YUL,1:26,13:06,2:07
313,TSC,EBA,YUL,8:39,15:00,1:13
314,LH,MGQ,YUL,17:07,17:28,2:39
315,BR,NOC,YUL,2:24,4:09,2:28
316,QR,TUS,YUL,1:21,16:05,1:43
317,AF,MPM,YUL,18:46,19:58,2:40
318,VX,PIR,YUL,23:48,2:23,2:32
319,SQ,JUB,YUL,14:35,7:17,2:29
320,CX,MBA,YUL,8:29,1:48,2:12
321,LH,LRE,YUL,1:06,8:20,1:33
322,LH,UCT,YUL,11:11,3:56,1:53
323,QF,SMF,YUL,11:42,20:10,2:21
324,LH,RBA,YUL,10:10,15:55,2:40
325,AS,SSG,YUL,9:05,14:45,1:52
326,SY,DJJ,YUL,9:59,18:40,2:20
327,NK,TIS,YUL,23:19,12:45,2:48
328,GA,LEK,YUL,4:34,8:57,2:08
329,SWG,SKD,YUL,4:29,8:36,1:17
330,GA,YYR,YUL,0:01,11:28,2:41
331,TK,DRS,YUL,0:56,18:57,2:37
332,UA,BBY,YUL,17:48,18:48,1:15
333,HX,OSA,YUL,3:27,20:39,1:51
334,PO,BJV,YUL,1:13,18:24,1:41
335,F9,ADJ,YUL,19:04,3:40,1:45
336,EY,LEJ,YUL,2:40,23:50,1:39
337,AZ,MXL,YUL,3:45,5:25,1:39
338,VX,GAU,YUL,7:31,2:23,2:30
339,PD,BOB,YUL,17:36,11:01,1:44
340,5Y,CTU,YUL,7:38,7:52,1:16
341,HA,MFO,YUL,12:26,11:15,2:34
342,EK,HOU,YUL,2:27,2:43,2:27
343,PD,RTM,YUL,19:23,20:49,2:57
344,CX,NRA,YUL,6:27,17:17,2:27
345,F9,NAA,YUL,9:47,13:37,1:15
346,EY,LGA,YUL,6:25,5:26,1:33
347,QF,GOZ,YUL,9:56,11:34,1:39
348,BA,EMD,YUL,23:53,4:08,2:52
349,AC,SWP,YUL,10:10,1:25,2:48
350,VS,TCU,YUL,0:09,22:11,1:58
351,ROU,ITO,YUL,9:56,12:34,2:18
352,JL,TKU,YUL,16:08,8:13,2:33
353,F9,QNB,YUL,9:33,21:21,1:20
354,LH,HAG,YUL,17:44,5:50,2:26
355,TK,JMO,YUL,19:24,14:47,2:23
356,UA,GRU,YUL,5:29,15:40,2:33
357,TK,KNO,YUL,10:03,0:22,1:48
358,VS,XMH,YUL,8:17,21:15,1:38
359,JL,VRN,YUL,12:01,16:58,2:06
360,UA,BDL,YUL,10:54,20:11,2:45
361,VS,BUR,YUL,4:32,20:47,2:52
362,AC,ABS,YUL,10:34,2:17,2:37
363,5Y,WYS,YUL,18:57,0:24,1:45
364,QF,PRY,YUL,12:29,23:39,1:45
365,AS,LBV,YUL,9:00,1:22,1:24
366,LX,MLE,YUL,15:14,4:21,1:19
367,TK,SMF,YUL,6:01,4:01,1:37
368,PO,ROA,YUL,3:05,16:35,2:48
369,CX,NDJ,YUL,8:38,7:07,2:44
370,CX,JHG,YUL,10:18,2:25,2:22
371,VS,SGY,YUL,9:41,12:22,2:51
372,SWG,ASE,YUL,17:49,18:39,2:31
373,VS,CZM,YUL,0:16,4:01,2:26
374,FI,OWB,YUL,5:29,16:56,2:08
375,FI,KOA,YUL,11:02,20:30,1:38
376,EY,CBR,YUL,18:00,20:43,1:30
377,PD,MMJ,YUL,4:55,4:49,1:16
378,GA,SZB,YUL,5:17,13:07,1:50
379,B6,UDE,YUL,0:17,23:12,2:47
380,VS,PSE,YUL,10:21,17:06,2:27
381,KL,DAR,YUL,3:46,2:54,2:38
382,B6,BGY,YUL,11:42,5:59,1:26
383,AC,MJL,YUL,19:52,8:47,1:28
384,ROU,DJE,YUL,19:58,14:28,1:17
385,5X,ASK,YUL,11:01,17:40,2:02
386,CU,BMP,YUL,0:53,14:45,2:46
387,QF,BTV,YUL,15:47,17:53,1:22
388,SWG,FUT,YUL,16:27,4:10,1:03
389,CX,AAT,YUL,21:22,3:39,2:01
390,NZ,PGF,YUL,17:56,3:16,2:07
391,WN,HNL,YUL,16:01,19:50,2:28
392,LH,MTM,YUL,14:57,21:46,1:42
393,SY,NST,YUL,23:35,19:44,1:04
394,LH,POA,YUL,9:39,9:42,2:15
395,DY,PDL,YUL,16:35,4:54,1:15
396,SQ,HYA,YUL,9:01,21:23,2:33
397,LH,GOT,YUL,18:58,9:30,2:30
398,VX,airport_code,YUL,14:54,9:54,2:47
399,DL,IJX,YUL,14:17,11:50,2:06
400,AF,NKC,YUL,16:01,18:53,2:39
401,WN,KNO,YUL,17:01,17:48,1:16
402,5X,OTH,YUL,22:24,21:45,1:39
403,WN,FDF,YUL,19:39,18:34,2:21
404,SY,GOA,YUL,23:39,17:32,1:29
405,VS,BJI,YUL,3:53,15:04,2:28
406,AF,MIR,YUL,18:39,1:52,2:46
407,GA,IPL,YUL,16:07,14:15,2:19
408,EK,KYS,YUL,22:14,8:55,1:54
409,CU,AUE,YUL,16:09,16:36,2:07
410,CU,JMU,YUL,3:05,22:01,2:54
411,BR,OOM,YUL,13:16,9:53,2:33
412,5X,SLP,YUL,8:35,21:48,2:12
413,SQ,SAT,YUL,7:46,19:14,2:52
414,AA,JMU,YUL,2:26,20:39,1:42
415,BA,ILY,YUL,15:10,20:40,2:21
416,PD,PBO,YUL,11:44,19:55,2:11
417,VS,ORL,YUL,3:31,21:03,1:42
418,QF,FUK,YUL,15:12,17:27,1:35
419,F9,ORS,YUL,11:44,15:23,1:44
420,GA,STN,YUL,17:11,11:58,2:33
421,LH,LJU,YUL,20:43,21:05,1:13
422,5X,NLD,YUL,9:47,0:53,2:21
423,PO,TLL,YUL,0:55,6:52,2:15
424,VX,SKV,YUL,21:33,22:13,2:24
425,JZA,IGR,YUL,13:15,19:41,2:32
426,CA,KRT,YUL,21:10,17:39,1:56
427,AC,WMB,YUL,4:32,14:27,1:40
428,KL,MBH,YUL,2:18,1:56,1:48
429,WN,AUS,YUL,12:16,5:45,1:49
430,SWG,LZC,YUL,13:06,22:55,1:47
431,KL,JPA,YUL,14:03,13:42,1:20
432,QF,UTT,YUL,10:18,8:48,1:19
433,AA,MCT,YUL,10:13,13:24,2:04
434,CA,YIH,YUL,22:50,20:32,2:09
435,GA,AUR,YUL,10:51,4:37,2:56
436,BA,PKW,YUL,20:29,22:31,1:18
437,AY,YMX,YUL,4:34,9:31,2:55
438,FX,JMB,YUL,20:33,1:23,1:57
439,HA,EGS,YUL,2:52,13:57,1:56
440,QF,YQB,YUL,1:16,5:49,1:45
441,NK,ATZ,YUL,0:12,0:55,2:35
442,DY,PQQ,YUL,17:11,23:53,1:54
443,5X,ROC,YUL,6:18,17:52,1:21
444,VX,ABS,YUL,18:34,19:02,2:24
445,BR,KDU,YUL,6:32,20:58,1:14
446,AZ,PQI,YUL,13:53,2:03,2:16
447,CX,UTN,YUL,23:41,19:02,2:14
448,WN,BZN,YUL,4:22,10:56,1:39
449,NK,BRN,YUL,7:12,17:48,1:25
450,KL,PNI,YUL,15:57,10:28,2:19
451,SWG,SHE,YUL,17:42,20:48,1:49
452,AF,CGN,YUL,3:39,1:12,2:14
453,AY,LRD,YUL,13:29,19:24,1:29
454,TK,ACV,YUL,3:56,16:54,2:55
455,F9,WNS,YUL,5:59,5:34,1:41
456,CX,EXT,YUL,2:11,4:56,2:41
457,DY,TAO,YUL,21:42,2:29,2:08
458,HA,CTN,YUL,13:05,11:27,2:23
459,F9,ARK,YUL,6:52,18:07,1:10
460,KL,LYP,YUL,21:32,1:27,1:25
461,JL,TAY,YUL,21:49,12:07,1:54
462,HA,ALA,YUL,1:00,21:52,2:51
463,NK,HDN,YUL,21:32,20:34,1:12
464,HA,UUD,YUL,5:57,21:36,1:38
465,DY,POR,YUL,18:01,15:35,2:38
466,QR,YAO,YUL,13:50,18:53,2:48
467,B6,FKI,YUL,20:22,2:23,1:46
468,NZ,UCT,YUL,20:13,11:57,2:03
469,UA,HIS,YUL,13:04,12:56,2:28
470,SWG,JED,YUL,4:52,14:03,1:36
471,F9,YVO,YUL,15:02,3:31,2:00
472,CA,JGS,YUL,20:49,5:40,1:09
473,B6,BBT,YUL,9:38,20:14,1:42
474,NK,UNI,YUL,19:17,7:11,2:18
475,FX,EMA,YUL,15:55,18:41,2:24
476,HA,ORB,YUL,14:01,19:31,1:39
477,DY,PIT,YUL,11:02,12:04,1:04
478,5X,DLC,YUL,21:16,23:15,2:52
479,TK,GLA,YUL,11:12,5:47,2:14
480,JZA,LGW,YUL,7:46,18:54,2:43
481,AZ,MBM,YUL,19:33,18:35,1:20
482,LH,IST,YUL,1:17,12:11,2:21
483,G4,NAT,YUL,16:03,22:56,1:09
484,JL,MJN,YUL,6:41,14:31,1:28
485,SQ,BUE,YUL,21:18,1:55,2:39
486,SWG,SLU,YUL,6:59,1:09,1:21
487,FI,SVD,YUL,17:31,13:13,2:09
488,BA,VST,YUL,22:42,21:19,1:28
489,DL,OSL,YUL,16:32,11:23,2:57
490,HX,MCP,YUL,8:10,2:45,1:29
491,AY,KMQ,YUL,11:24,1:41,1:56
492,DL,MAH,YUL,15:57,22:25,1:18
493,WN,SCU,YUL,11:13,20:49,2:56
494,UA,FAI,YUL,19:50,13:45,1:51
495,CA,ODB,YUL,16:46,4:03,2:25
496,BR,UIT,YUL,19:01,18:32,1:34
497,HA,BLT,YUL,23:37,3:59,1:39
498,FX,SFA,YUL,5:16,7:29,1:14
499,NK,SJO,YUL,14:00,18:45,1:42
500,PO,BPT,YUL,15:22,23:11,1:40
501,FX,PEG,YUL,15:50,12:23,1:32
502,5X,MXP,YUL,20:57,15:53,2:57
503,AY,SSA,YUL,2:04,16:20,1:46
504,AC,YYC,YUL,8:17,8:10,2:52
505,GA,TGD,YUL,17:48,18:09,2:51
506,JL,YIH,YUL,0:00,7:28,2:02
507,ROU,SRZ,YUL,21:28,23:40,1:50
508,SY,CFU,YUL,6:07,21:25,1:49
509,G4,PPT,YUL,7:12,16:33,1:49
510,DY,IKT,YUL,10:26,8:18,1:03
511,F9,PYB,YUL,14:18,1:37,2:13
512,F9,BGU,YUL,20:37,15:48,1:23
513,AY,TGU,YUL,0:51,16:14,2:38
514,JL,QLI,YUL,8:45,7:14,2:09
515,SWG,SHR,YUL,11:37,21:23,2:29
516,NZ,SPU,YUL,22:13,19:29,2:14
517,QR,COD,YUL,10:28,23:45,1:08
518,BR,UTH,YUL,14:07,22:14,2:42
519,GA,HAV,YUL,8:09,12:09,1:41
520,F9,YVA,YUL,16:38,1:53,1:19
521,EK,MQQ,YUL,2:10,14:46,1:37
522,CU,RSD,YUL,12:47,5:10,1:57
523,HX,LTO,YUL,7:45,11:49,2:30
524,QR,GAU,YUL,2:00,13:25,1:36
525,TSC,YNB,YUL,22:58,10:16,1:07
526,KL,VDZ,YUL,2:37,17:43,2:42
527,EY,CUL,YUL,14:37,0:39,1:43
528,LH,SBA,YUL,17:02,7:33,2:17
529,AF,MQQ,YUL,4:00,17:16,2:04
530,NZ,JKG,YUL,13:29,17:10,2:42
531,AZ,RNE,YUL,16:09,23:34,1:25
532,AC,MCY,YUL,5:29,0:15,1:50
533,SY,AVP,YUL,13:44,9:13,1:54
534,5Y,SWF,YUL,22:38,21:02,1:34
535,AA,YUL,YUL,8:06,13:21,2:36
536,BR,BTS,YUL,7:56,15:35,2:36
537,QR,JKH,YUL,13:02,22:07,2:11
538,F9,JPA,YUL,11:05,5:06,1:48
539,DL,YPN,YUL,18:58,18:34,1:41
540,DY,BDB,YUL,20:34,7:49,1:51
541,CX,OKU,YUL,8:49,4:14,2:17
542,DL,EAS,YUL,23:09,13:22,2:49
543,EY,YHZ,YUL,23:31,15:42,1:22
544,DY,THR,YUL,0:30,16:09,1:59
545,LH,XPK,YUL,19:36,21:23,2:36
546,BA,PDT,YUL,5:54,6:59,2:14
547,CA,BUQ,YUL,12:41,15:25,2:14
548,SY,IPC,YUL,19:33,17:41,2:33
549,GA,IKT,YUL,6:07,11:54,2:15
550,GA,BNA,YUL,10:03,13:02,2:13
551,JZA,BRU,YUL,3:31,13:33,2:55
552,SQ,MFN,YUL,3:48,11:25,1:41
553,QF,NAJ,YUL,8:11,12:28,2:57
554,G4,JVL,YUL,0:58,21:45,1:15
555,G4,HSV,YUL,23:32,11:19,2:30
556,AM,MIR,YUL,7:22,17:10,2:06
557,QF,AOK,YUL,1:09,12:37,2:05
558,AA,NCE,YUL,22:04,20:48,1:35
559,B6,MCL,YUL,19:45,2:57,2:33
560,FI,DKR,YUL,22:31,1:37,2:28
561,B6,YQD,YUL,20:07,0:26,2:50
562,CU,BTS,YUL,0:26,4:54,2:04
563,QR,JAG,YUL,22:29,18:04,1:59
564,EY,USH,YUL,3:52,20:06,1:07
565,CA,CHS,YUL,21:18,1:13,2:25
566,JZA,KBP,YUL,16:30,9:27,2:29
567,AZ,SEB,YUL,4:15,3:59,2:01
568,CU,MFN,YUL,18:26,22:14,2:26
569,5Y,TCU,YUL,15:12,12:21,1:39
570,UA,KNU,YUL,14:26,2:27,1:27
571,JL,ENC,YUL,5:47,15:22,2:14
572,LX,ABD,YUL,16:08,12:26,2:15
573,SY,KWM,YUL,5:29,16:26,1:42
574,DL,RAZ,YUL,2:21,3:43,1:23
575,QF,ODE,YUL,12:09,12:27,1:51
576,AA,SJD,YUL,18:11,19:35,1:19
577,UA,MNL,YUL,9:14,15:46,2:49
578,HA,FPO,YUL,6:56,22:02,1:13
579,PO,CHO,YUL,14:07,22:43,1:20
580,SY,PBI,YUL,16:33,8:39,2:42
581,FI,KLR,YUL,20:57,15:21,2:23
582,AS,SOF,YUL,4:09,19:34,2:48
583,BR,ORN,YUL,3:22,20:25,2:38
584,SY,PRY,YUL,8:29,2:48,1:02
585,DY,JOE,YUL,4:28,3:56,2:21
586,QR,SSL,YUL,16:31,4:39,2:16
587,EK,ULN,YUL,16:18,15:40,1:09
588,QR,NST,YUL,4:39,17:09,2:45
589,UA,CFN,YUL,12:08,19:03,2:00
590,SWG,ULD,YUL,19:22,8:53,2:18
591,TSC,MEX,YUL,21:52,22:16,2:02
592,DL,GOU,YUL,2:34,4:09,1:51
593,BR,ILI,YUL,17:44,9:55,2:03
594,G4,UKB,YUL,7:46,19:25,1:05
595,G4,DDI,YUL,3:28,4:13,1:24
596,SQ,WEI,YUL,3:36,7:39,2:22
597,SWG,TEX,YUL,14:24,4:50,1:21
598,TK,JKT,YUL,21:54,2:21,2:08
599,AC,ILY,YUL,5:18,6:23,1:43
600,SQ,BEL,YUL,5:11,10:23,2:05
601,KL,IXR,YUL,23:04,3:39,2:54
602,AY,ACE,YUL,1:12,16:23,2:53
603,F9,CIA,YUL,13:00,7:21,2:38
604,CX,KAO,YUL,7:12,4:22,1:56
605,AF,KTB,YUL,1:25,23:52,2:49
606,TSC,SPU,YUL,6:16,6:24,2:49
607,PD,MBJ,YUL,2:59,13:16,2:26
608,NK,TYO,YUL,19:10,15:05,1:58
609,FX,MVY,YUL,3:17,23:17,2:36
610,HX,QPG,YUL,22:14,4:29,2:09
611,EK,KSU,YUL,22:05,6:45,2:41
612,CA,ICN,YUL,8:11,23:34,2:10
613,CX,LCH,YUL,21:58,1:21,1:35
614,SQ,ADF,YUL,18:26,14:19,2:32
615,UA,LWK,YUL,23:28,20:02,2:37
616,AY,DET,YUL,13:40,6:42,2:09
617,GA,MYJ,YUL,1:16,11:12,1:28
618,DL,MAA,YUL,23:01,20:05,2:36
619,PO,HDN,YUL,3:14,2:04,2:39
620,G4,KMI,YUL,14:10,15:49,2:36
621,BA,BOJ,YUL,0:09,16:05,1:54
622,CX,JOL,YUL,15:23,12:07,1:11
623,SWG,PBZ,YUL,15:57,1:02,2:54
624,JZA,MTY,YUL,23:42,9:43,1:00
625,HA,RKT,YUL,17:33,12:54,1:07
626,AY,NAT,YUL,15:54,7:17,1:19
627,WN,ACC,YUL,15:38,6:11,2:23
628,SWG,ANB,YUL,4:12,4:57,2:03
629,QF,EKI,YUL,3:23,12:38,2:04
630,AA,BGM,YUL,3:53,22:46,2:12
631,ROU,FCO,YUL,2:19,16:26,1:40
632,VX,JAK,YUL,4:29,3:02,2:43
633,G4,SGD,YUL,14:26,13:02,1:45
634,EK,ORK,YUL,2:55,18:55,1:21
635,PD,FJR,YUL,10:58,21:35,2:28
636,5Y,PNR,YUL,3:22,5:15,2:35
637,BA,MRB,YUL,3:44,21:16,1:41
638,WN,HNK,YUL,13:57,7:09,1:56
639,HA,EWR,YUL,10:02,9:48,2:50
640,SY,AGZ,YUL,11:52,5:29,1:27
641,VX,YYT,YUL,7:24,22:27,1:01
642,TK,KMQ,YUL,3:23,13:28,2:45
643,SQ,MOV,YUL,20:51,1:59,1:41
644,CU,NGO,YUL,3:47,10:25,1:07
645,F9,PMW,YUL,2:03,15:21,1:12
646,SQ,SNA,YUL,17:36,21:35,1:45
647,WN,SWF,YUL,11:00,4:38,2:05
648,VS,RAR,YUL,13:39,12:16,1:24
649,JL,PBM,YUL,20:26,19:49,2:18
650,QF,SRZ,YUL,14:09,7:34,1:26
651,CU,GTN,YUL,7:50,21:26,2:23
652,NZ,SXM,YUL,11:19,18:21,1:53
653,BR,YGW,YUL,11:20,9:13,2:32
654,CA,GRO,YUL,21:33,7:35,2:21
655,EY,KNO,YUL,4:09,20:51,2:25
656,DL,YTO,YUL,9:56,5:02,1:17
657,5X,JMK,YUL,4:49,11:14,1:36
658,QF,PLZ,YUL,23:11,15:28,2:42
659,HX,LLA,YUL,15:09,15:56,2:22
660,DY,DFW,YUL,4:08,15:03,1:34
661,SWG,ZBO,YUL,5:53,21:51,1:31
662,GA,CED,YUL,7:55,20:07,1:22
663,SWG,LGW,YUL,10:26,8:42,1:32
664,ROU,MRV,YUL,12:53,3:26,2:43
665,AC,EMD,YUL,8:23,1:30,2:34
666,ROU,RSW,YUL,14:52,6:14,2:07
667,AM,KIV,YUL,6:01,18:21,2:21
668,JZA,OOM,YUL,2:59,8:36,2:53
669,AZ,ETH,YUL,23:33,21:26,1:04
670,PD,JNG,YUL,14:33,11:40,1:03
671,F9,ACT,YUL,16:36,19:16,2:10
672,AZ,JAC,YUL,13:57,4:22,1:32
673,JL,TAB,YUL,14:59,6:00,2:21
674,SWG,TPS,YUL,10:19,18:07,1:24
675,SQ,ABM,YUL,11:51,2:37,1:14
676,NZ,PDL,YUL,10:14,18:59,2:37
677,AZ,NAT,YUL,0:21,22:15,2:43
678,KL,TEU,YUL,16:33,5:22,2:11
679,TK,XMH,YUL,13:06,10:32,2:31
680,HX,MCI,YUL,4:37,18:55,2:09
681,DL,KMJ,YUL,3:57,15:01,2:55
682,AZ,ASP,YUL,9:28,22:19,2:30
683,G4,ZCL,YUL,10:32,16:39,1:58
684,EY,LGB,YUL,15:57,17:47,1:37
685,EK,UPP,YUL,21:09,14:58,1:08
686,QR,OUK,YUL,3:28,6:31,2:48
687,G4,HWN,YUL,6:38,2:52,1:04
688,JZA,TWU,YUL,18:15,13:56,2:02
689,TK,TEM,YUL,7:26,4:18,1:16
690,SY,BTU,YUL,20:07,17:58,2:34
691,TSC,ISB,YUL,15:04,17:00,1:37
692,TK,JNZ,YUL,12:20,13:18,1:35
693,VX,TGZ,YUL,13:45,16:28,2:03
694,CX,DND,YUL,3:01,11:04,2:02
695,AZ,UMD,YUL,0:04,8:26,1:29
696,AZ,BEW,YUL,2:41,23:42,1:52
697,JZA,UAH,YUL,6:23,23:57,1:49
698,F9,CJC,YUL,18:42,21:53,2:43
699,KL,LBI,YUL,11:56,1:13,2:26
700,CA,IOU,YUL,21:15,16:07,1:46
701,CU,NCY,YUL,11:04,1:56,1:43
702,SWG,ANK,YUL,7:26,10:17,2:37
703,5Y,LCA,YUL,16:09,0:36,2:36
704,LH,GPT,YUL,21:33,17:06,1:34
705,UA,ESF,YUL,22:32,18:01,1:51
706,NZ,CMF,YUL,0:32,21:20,2:30
707,AC,YPN,YUL,7:29,13:02,1:37
708,TK,SRL,YUL,19:43,4:12,2:00
709,AS,LNO,YUL,2:06,14:16,1:58
710,SQ,CMH,YUL,4:27,9:36,1:10
711,JL,KID,YUL,9:05,22:49,1:48
712,QR,MTO,YUL,2:44,19:35,2:42
713,DY,SCC,YUL,8:25,8:46,2:51
714,TSC,INL,YUL,6:29,16:45,2:36
715,SQ,SRZ,YUL,17:04,19:03,2:51
716,TSC,CCZ,YUL,12:52,8:20,2:07
717,HX,RIX,YUL,8:05,5:08,2:37
718,HA,MDC,YUL,5:57,19:10,1:13
719,LH,UKB,YUL,16:19,13:08,2:36
720,5Y,CLT,YUL,12:18,23:01,1:20
721,HA,SRA,YUL,11:17,10:04,2:48
722,BA,MLU,YUL,22:03,21:51,1:05
723,QR,HAM,YUL,4:26,22:17,2:03
724,UA,TAB,YUL,0:28,13:28,2:27
725,GA,YEG,YUL,10:37,14:38,2:35
726,BR,CMF,YUL,3:24,17:07,2:13
727,PD,OUZ,YUL,9:48,13:54,2:13
728,F9,FNA,YUL,22:23,17:24,2:11
729,BR,LJU,YUL,19:22,11:55,2:16
730,G4,SOF,YUL,14:26,9:51,2:14
731,EK,WOL,YUL,18:03,0:35,2:00
732,AY,MRZ,YUL,8:30,10:30,2:48
733,VX,KIW,YUL,16:18,10:41,1:07
734,BR,EAU,YUL,17:14,22:23,2:25
735,EK,BRD,YUL,9:30,3:43,1:30
736,SQ,OUK,YUL,20:18,21:08,2:32
737,GA,SAO,YUL,2:12,7:17,1:34
738,ROU,GUM,YUL,8:11,15:25,2:27
739,NZ,GZA,YUL,15:46,20:54,1:45
740,SWG,BEH,YUL,23:30,11:24,1:22
741,UA,KIN,YUL,19:21,19:59,1:22
742,VX,LLA,YUL,9:48,17:35,2:12
743,QR,FLL,YUL,18:59,10:48,2:53
744,F9,GET,YUL,3:48,15:22,1:11
745,BR,HKG,YUL,1:59,6:06,1:36
746,JL,BHX,YUL,1:30,23:32,2:22
747,HA,BGA,YUL,13:16,23:45,2:00
748,VX,KIV,YUL,3:53,5:36,2:26
749,WN,AGB,YUL,16:11,23:20,1:59
750,VX,SGD,YUL,3:56,12:44,2:25
751,GA,LDE,YUL,15:43,19:41,1:56
752,WN,MVR,YUL,12:09,13:27,2:49
753,SY,BDR,YUL,12:04,13:24,1:08
754,VS,JUL,YUL,21:00,13:07,2:50
755,CA,CLE,YUL,22:15,23:39,1:25
756,DY,MLI,YUL,3:52,0:55,1:16
757,KL,CND,YUL,2:12,14:34,2:06
758,VS,KOA,YUL,22:19,8:43,1:21
759,PO,TIP,YUL,23:32,12:01,1:06
760,AF,CVG,YUL,23:53,4:17,1:16
761,HA,AJF,YUL,20:52,5:36,2:02
762,EY,IGH,YUL,16:03,7:02,2:20
763,UA,PLO,YUL,12:40,12:05,1:27
764,CX,GEX,YUL,8:01,21:34,1:07
765,BA,MJL,YUL,13:54,20:10,2:30
766,ROU,TRS,YUL,23:37,15:21,1:45
767,VS,HRB,YUL,22:48,16:59,1:55
768,QR,TOY,YUL,17:08,16:55,1:22
769,PD,SLA,YUL,11:38,2:12,1:33
770,WN,EBB,YUL,18:06,11:00,1:33
771,VX,SNN,YUL,4:00,0:30,1:38
772,PD,ROS,YUL,0:23,14:02,2:01
773,VX,HYA,YUL,15:37,23:23,1:13
774,FI,INL,YUL,1:30,20:24,2:39
775,FX,VCP,YUL,14:53,8:19,1:32
776,FI,GUA,YUL,3:17,1:17,2:10
777,TK,LGK,YUL,0:57,21:44,2:53
778,5Y,SBW,YUL,15:49,0:55,2:04
779,CU,PKW,YUL,9:41,16:01,2:21
780,AZ,JMB,YUL,15:51,4:10,2:25
781,PO,LDE,YUL,17:12,15:45,2:26
782,BA,XSI,YUL,16:46,15:06,2:16
783,FX,NCS,YUL,21:38,18:45,2:08
784,NZ,BIL,YUL,5:50,0:12,1:33
785,FX,KUL,YUL,3:21,18:16,2:20
786,FI,SPY,YUL,6:23,9:50,2:38
787,AZ,SAT,YUL,13:45,20:16,1:43
788,BR,VIE,YUL,1:27,10:52,2:43
789,AS,KIM,YUL,18:16,11:57,2:39
790,EK,LNS,YUL,17:41,23:14,1:56
791,WN,KGC,YUL,23:20,8:11,1:58
792,HA,SAP,YUL,20:34,0:18,2:23
793,NK,YXT,YUL,7:34,10:14,1:30
794,TK,MZG,YUL,20:59,15:46,1:40
795,WN,PWM,YUL,4:06,17:16,1:29
796,PO,NYC,YUL,5:33,9:18,2:52
797,CA,GOU,YUL,23:37,18:54,1:29
798,GA,GRU,YUL,23:15,19:42,2:56
799,HX,DPO,YUL,6:57,4:16,2:04
800,GA,TGD,YUL,2:34,6:06,1:04
801,AM,JAN,YUL,17:29,6:11,2:27
802,JL,ORS,YUL,20:27,14:27,2:38
803,AM,ABQ,YUL,9:51,3:34,1:52
804,HX,AJN,YUL,11:17,23:23,1:51
805,B6,KMJ,YUL,2:32,12:25,1:06
806,G4,YQX,YUL,3:12,17:43,1:28
807,GA,MRZ,YUL,16:45,6:15,1:10
808,JZA,SGD,YUL,4:16,19:55,1:10
809,B6,JNG,YUL,12:05,12:19,1:44
810,LH,FNJ,YUL,16:16,8:43,2:17
811,AM,CAG,YUL,11:04,5:38,1:19
812,NZ,KIM,YUL,12:49,12:54,2:18
813,PO,HND,YUL,22:58,21:33,2:03
814,UA,NLK,YUL,5:24,5:55,1:59
815,SWG,MPM,YUL,22:40,10:16,2:08
816,AC,LXR,YUL,14:41,22:21,1:19
817,AS,PBH,YUL,10:06,1:32,1:52
818,HA,MIK,YUL,5:17,12:58,1:22
819,5X,QCB,YUL,14:42,20:52,2:27
820,5X,ASR,YUL,9:26,8:21,2:29
821,FI,ODB,YUL,13:12,6:39,2:37
822,CU,CIP,YUL,13:36,21:31,1:51
823,BR,GZA,YUL,8:32,2:06,1:00
824,F9,LBU,YUL,22:39,7:32,2:05
825,CA,SZD,YUL,14:35,4:30,1:31
826,ROU,LWT,YUL,5:33,21:11,1:30
827,FX,ADY,YUL,8:30,16:33,2:12
828,CA,PHL,YUL,11:00,2:11,1:53
829,BA,PNI,YUL,12:39,23:32,1:01
830,5Y,FSD,YUL,14:20,10:55,1:24
831,CU,GIL,YUL,20:42,14:12,2:55
832,QR,TKA,YUL,1:33,10:45,2:45
833,ROU,TSB,YUL,2:27,7:01,2:52
834,VX,CNX,YUL,23:51,14:16,1:22
835,CX,BON,YUL,0:29,7:23,1:17
836,AM,IEV,YUL,8:36,11:59,2:04
837,SY,CZA,YUL,18:01,0:07,2:19
838,FI,CDC,YUL,6:26,12:32,2:26
839,5X,JOE,YUL,3:06,8:56,1:11
840,ROU,MKK,YUL,13:12,20:58,2:32
841,CX,JAD,YUL,23:23,12:09,1:09
842,PD,ATW,YUL,7:18,15:20,2:09
843,G4,BEN,YUL,0:22,9:18,1:52
844,FI,AGA,YUL,13:28,19:59,2:51
845,5Y,NCY,YUL,0:08,23:22,1:32
846,G4,RAI,YUL,13:57,14:56,1:25
847,AC,EGS,YUL,13:41,3:04,1:44
848,JZA,MES,YUL,5:03,15:53,2:01
849,VX,YKS,YUL,6:20,3:13,2:30
850,LX,PPT,YUL,2:38,14:08,1:00
851,KL,MAA,YUL,23:22,19:51,2:14
852,SY,TAY,YUL,19:51,6:13,1:09
853,PD,BKO,YUL,21:23,12:58,2:50
854,PO,COO,YUL,4:00,0:17,2:25
855,PO,ACC,YUL,3:38,3:29,2:47
856,LH,HAJ,YUL,2:24,6:07,1:49
857,AZ,EBJ,YUL,2:19,7:33,1:26
858,NK,ILE,YUL,17:27,3:40,1:39
859,HX,OLF,YUL,11:33,15:28,1:20
860,AZ,FNC,YUL,7:27,7:16,1:09
861,AY,HAG,YUL,22:42,11:45,2:25
862,LX,FUK,YUL,17:25,19:11,1:48
863,5X,NUE,YUL,5:52,12:47,2:41
864,LX,AMM,YUL,1:25,8:00,1:27
865,TSC,ABY,YUL,2:52,7:47,2:23
866,TK,OSH,YUL,14:44,19:43,1:14
867,CU,TCB,YUL,19:00,0:26,2:49
868,CA,PSC,YUL,7:10,4:43,2:45
869,CU,BEO,YUL,21:26,10:38,2:08
870,VX,VRA,YUL,15:03,13:33,2:46
871,AF,RHO,YUL,3:34,5:06,2:02
872,JZA,DSK,YUL,22:20,9:42,1:30
873,FI,MUB,YUL,13:22,19:17,1:01
874,DL,FLG,YUL,20:29,5:07,1:44
875,HA,TOV,YUL,14:03,23:44,1:25
876,UA,OXR,YUL,12:06,22:19,2:46
877,GA,TCA,YUL,5:38,4:46,1:50
878,NZ,SGY,YUL,7:15,4:36,2:26
879,EY,FMO,YUL,7:03,13:27,1:07
880,BA,ALO,YUL,17:47,19:37,2:46
881,CX,JAK,YUL,10:48,11:22,2:11
882,BR,FAO,YUL,9:12,10:03,1:57
883,NZ,RRG,YUL,22:47,14:23,2:20
884,DL,EVN,YUL,6:09,0:16,1:22
885,BA,RDU,YUL,6:46,8:12,2:26
886,SWG,SIN,YUL,16:54,10:54,1:23
887,NK,PUY,YUL,10:48,17:52,2:50
888,TK,EAT,YUL,15:44,9:41,1:51
889,TSC,THE,YUL,8:32,10:09,1:18
890,FX,LRD,YUL,9:09,3:16,1:06
891,VS,CPT,YUL,16:06,10:35,2:27
892,BA,YXE,YUL,0:41,9:10,1:37
893,HX,KIW,YUL,9:24,23:54,2:52
894,UA,GOZ,YUL,18:37,5:09,1:40
895,QR,JRH,YUL,5:01,14:22,2:41
896,ROU,SHE,YUL,5:11,6:59,1:48
897,TK,JER,YUL,17:31,17:35,1:48
898,TK,FHU,YUL,2:22,23:00,1:30
899,HA,PSG,YUL,7:22,2:50,1:02
900,AC,CON,YUL,15:38,23:01,2:06
901,DL,MCY,YUL,1:14,21:35,1:38
902,AM,PEG,YUL,3:50,0:32,2:45
903,NZ,UHE,YUL,20:34,3:52,2:16
904,JZA,DLH,YUL,17:59,17:13,2:02
905,AF,LKO,YUL,2:55,11:49,2:43
906,AC,BEH,YUL,1:53,11:19,1:23
907,PO,CMN,YUL,16:20,10:38,2:46
908,HA,SHE,YUL,2:14,9:29,2:34
909,WN,EGS,YUL,22:12,21:13,1:47
910,QF,HKT,YUL,6:15,9:22,1:18
911,TSC,BLQ,YUL,14:28,20:09,1:16
912,SY,DJE,YUL,3:59,13:04,2:09
913,HA,CWB,YUL,12:31,17:22,2:32
914,G4,HDN,YUL,11:25,7:19,1:55
915,LH,JIR,YUL,7:18,21:28,2:10
916,NK,TSN,YUL,16:46,12:39,2:36
917,DL,MEL,YUL,9:52,22:54,1:22
918,PO,NCY,YUL,3:27,23:17,1:57
919,NZ,TSE,YUL,10:41,19:24,2:17
920,DL,ALC,YUL,20:22,3:30,1:39
921,LH,JAA,YUL,17:14,18:21,1:37
922,NK,QLI,YUL,21:20,13:48,1:42
923,DY,YQD,YUL,11:41,20:55,1:03
924,PD,VEL,YUL,19:12,1:04,1:03
925,AC,ODA,YUL,0:16,19:19,1:31
926,5Y,PKB,YUL,9:57,9:59,2:22
927,B6,OOL,YUL,9:12,3:28,2:01
928,SQ,MAF,YUL,9:13,8:33,1:52
929,CX,OSA,YUL,4:55,7:37,1:02
930,FX,DEC,YUL,19:05,11:47,2:31
931,DY,OUZ,YUL,18:36,10:41,2:43
932,NZ,NCS,YUL,21:32,2:04,2:55
933,EK,MEI,YUL,21:10,16:45,1:07
934,BR,AOI,YUL,5:13,17:01,1:31
935,EK,IAG,YUL,7:57,19:27,2:11
936,WN,BOO,YUL,9:17,19:02,1:00
937,TSC,CLM,YUL,13:09,5:29,2:03
938,TK,NAG,YUL,16:39,23:22,2:47
939,CX,BHV,YUL,0:33,11:06,2:19
940,AY,TUN,YUL,23:37,11:58,1:35
941,QF,YXU,YUL,5:10,20:47,2:52
942,HX,CHI,YUL,3:19,8:58,2:50
943,DL,AMA,YUL,3:54,13:15,2:03
944,NZ,PYX,YUL,19:12,17:43,1:32
945,AF,SRZ,YUL,21:43,14:36,1:13
946,AA,RAK,YUL,19:38,17:18,1:40
947,DL,PZH,YUL,2:33,1:47,2:01
948,EK,TUN,YUL,9:35,23:11,1:38
949,TSC,YAT,YUL,1:47,10:32,1:35
950,AS,ASE,YUL,19:27,10:09,2:19
951,JZA,ROC,YUL,6:56,7:21,2:08
952,GA,BIL,YUL,1:48,7:04,1:45
953,TSC,WEI,YUL,6:33,13:03,2:44
954,PD,TOY,YUL,21:22,6:58,2:10
955,FI,FKS,YUL,19:16,4:41,1:56
956,AS,ULD,YUL,19:51,2:34,2:06
957,SQ,ZKE,YUL,13:05,4:19,2:17
958,GA,TYS,YUL,16:49,6:32,2:31
959,G4,ANR,YUL,10:42,23:01,2:52
960,AZ,MUB,YUL,20:51,12:59,2:31
961,PD,HII,YUL,12:27,3:59,1:39
962,5Y,NAA,YUL,16:15,14:06,1:23
963,CA,CJL,YUL,8:27,12:02,2:07
964,VX,BAQ,YUL,13:20,2:29,2:15
965,JL,SUV,YUL,17:14,16:13,2:42
966,FX,TBU,YUL,11:49,12:21,1:44
967,B6,KEL,YUL,7:13,21:16,2:24
968,5X,USH,YUL,8:40,0:07,2:55
969,F9,AYT,YUL,5:36,22:13,1:24
970,B6,FIH,YUL,19:53,9:22,1:21
971,VX,BJZ,YUL,3:03,15:57,2:06
972,KL,JHQ,YUL,10:13,0:53,2:48
973,NK,LRE,YUL,8:11,0:26,1:03
974,CA,YGL,YUL,4:59,16:14,1:34
975,AC,ELM,YUL,17:18,0:36,2:17
976,ROU,JMB,YUL,3:12,3:27,2:40
977,VS,SKG,YUL,8:53,8:25,1:55
978,F9,MFQ,YUL,12:54,16:00,2:58
979,CX,DUB,YUL,1:59,23:49,1:05
980,VX,BLK,YUL,12:55,1:38,1:20
981,FI,LIT,YUL,10:08,16:02,2:11
982,EY,TYR,YUL,14:28,10:27,2:51
983,TK,PBZ,YUL,3:15,9:41,2:10
984,KL,PBC,YUL,21:28,5:51,2:27
985,FI,PZH,YUL,20:25,10:02,1:54
986,NZ,AHU,YUL,14:26,2:07,1:06
987,AA,YTO,YUL,10:49,17:20,1:28
988,SWG,IST,YUL,5:57,12:51,2:41
989,QF,BEL,YUL,2:23,4:51,1:29
990,DY,PMW,YUL,0:35,11:13,2:55
991,FX,MRU,YUL,15:52,15:34,1:35
992,HA,ALW,YUL,11:28,6:49,2:13
993,JZA,CNF,YUL,11:40,19:17,2:12
994,AA,YYZ,YUL,9:24,21:39,2:17
995,5X,PIS,YUL,1:14,19:56,1:48
996,5X,TRN,YUL,22:30,21:05,2:07
997,AM,ALJ,YUL,6:47,15:58,1:23
998,PO,BGY,YUL,19:41,14:24,2:33
999,BA,MAD,YUL,13:38,12:05,1:55
1000,5Y,UIT,YUL,22:41,3:35,1:28
1001,HX,GFK,YUL,7:38,22:05,1:16
1002,FX,DFW,YUL,4:27,17:28,2:49
1003,G4,JUI,YUL,17:08,21:07,1:22
1004,PD,AAR,YUL,0:42,13:09,2:06
1005,BR,KSD,YUL,20:59,4:53,1:23
1006,AY,KWL,YUL,15:27,2:06,1:24
1007,AM,DAC,YUL,12:13,10:00,1:45
1008,DY,KGC,YUL,9:28,13:55,2:50
1009,DL,SMF,YUL,10:04,13:17,2:12
1010,EY,JUL,YUL,12:44,17:19,1:48
1011,AC,LEY,YUL,5:23,7:01,2:09
1012,AM,HDY,YUL,11:57,15:39,1:25
1013,UA,CMN,YUL,3:48,23:02,2:31
1014,PO,FLL,YUL,18:07,21:07,1:27
1015,HX,DBO,YUL,16:33,11:18,2:09
1016,DL,MGH,YUL,0:52,2:48,1:56
1017,LX,BEN,YUL,19:12,1:00,2:09
1018,SY,JMB,YUL,3:16,11:21,1:08
1019,JL,BSB,YUL,13:38,14:45,1:54
1020,CU,JAF,YUL,17:19,2:45,2:13
1021,G4,LYS,YUL,15:04,5:26,1:51
1022,PD,PEW,YUL,3:15,13:29,1:36
1023,CA,FRO,YUL,23:35,12:57,1:12
1024,WN,AUS,YUL,7:34,11:13,2:20
1025,CX,DTW,YUL,12:35,1:40,2:34
1026,HA,SVD,YUL,11:13,7:23,2:05
1027,HA,FEZ,YUL,23:46,12:29,2:45
1028,B6,SDL,YUL,9:14,19:34,2:12
1029,SWG,CMH,YUL,3:59,12:49,2:19
1030,PO,PAP,YUL,23:29,22:00,1:11
1031,LX,EKO,YUL,8:17,2:36,2:05
1032,AC,MFM,YUL,0:19,12:23,1:05
1033,QR,ENA,YUL,18:11,19:51,2:39
1034,HX,LBB,YUL,2:14,17:17,2:55
1035,AS,LAD,YUL,12:15,4:57,2:01
1036,WN,NWI,YUL,23:57,5:45,1:35
1037,LH,GRQ,YUL,14:59,4:50,2:49
1038,BR,CAE,YUL,18:27,11:57,1:05
1039,QF,MJV,YUL,9:10,0:22,2:52
1040,CX,HLP,YUL,8:01,20:06,2:06
1041,NZ,RRG,YUL,13:40,13:34,2:26
1042,F9,ABS,YUL,20:42,9:48,1:07
1043,SY,FKS,YUL,3:58,10:47,1:49
1044,EY,DTM,YUL,6:36,22:17,2:21
1045,5X,ABM,YUL,9:38,12:21,1:53
1046,NK,PLN,YUL,6:12,8:28,1:11
1047,TSC,ARH,YUL,3:26,13:41,2:31
1048,VS,VXO,YUL,23:30,10:45,1:53
1049,FX,TVL,YUL,2:46,15:48,1:14
1050,AZ,XIY,YUL,23:22,11:05,1:14
1051,PO,HRK,YUL,6:30,9:01,1:14
1052,QF,LSY,YUL,16:16,22:06,1:59
1053,F9,ALY,YUL,0:53,17:57,2:25
1054,5Y,MGW,YUL,11:01,2:58,1:28
1055,AS,TXL,YUL,3:48,16:52,2:30
1056,SQ,AHB,YUL,7:12,8:51,1:21
1057,EY,UNK,YUL,14:52,7:01,1:19
1058,UA,RNO,YUL,23:18,9:03,2:26
1059,LH,VLL,YUL,17:06,20:24,2:54
1060,TSC,TAO,YUL,8:06,12:17,1:50
1061,AC,UIN,YUL,21:51,23:36,1:09
1062,AZ,EVN,YUL,19:16,21:52,1:34
1063,G4,PIB,YUL,21:43,4:44,1:17
1064,BR,KEL,YUL,4:10,13:26,1:22
1065,UA,PIH,YUL,8:57,13:54,2:38
1066,SQ,KIM,YUL,23:36,5:26,1:16
1067,HX,PBZ,YUL,5:32,21:59,2:22
1068,DY,FOD,YUL,8:58,14:28,1:31
1069,SQ,LWT,YUL,17:48,6:31,1:05
1070,AY,HMO,YUL,21:11,18:25,1:57
1071,AC,SHE,YUL,0:02,2:55,1:58
1072,AF,EZE,YUL,13:10,14:14,1:35
1073,5Y,JEE,YUL,5:36,20:33,2:08
1074,FX,LDY,YUL,0:48,14:58,2:01
1075,PO,BGU,YUL,5:28,12:21,2:30
1076,EY,AHO,YUL,16:38,18:08,1:43
1077,ROU,LMP,YUL,9:13,10:08,1:00
1078,AA,MLM,YUL,21:54,11:10,2:40
1079,JZA,DJB,YUL,3:27,19:08,1:57
1080,DL,CEC,YUL,18:55,11:26,1:20
1081,EK,NBO,YUL,13:25,2:28,1:57
1082,TK,ARN,YUL,9:23,11:34,2:32
1083,SQ,JUJ,YUL,5:12,3:53,2:29
1084,SY,TIP,YUL,12:26,13:10,1:32
1085,G4,KEL,YUL,17:32,6:57,1:28
1086,WN,DMK,YUL,1:48,19:02,2:20
1087,CU,FUK,YUL,22:48,5:55,1:28
1088,JL,KRS,YUL,17:24,3:06,1:03
1089,AC,AEH,YUL,22:00,1:26,1:46
1090,QF,ABQ,YUL,4:30,1:48,2:10
1091,VS,LUD,YUL,14:00,6:45,2:40
1092,QF,LZR,YUL,10:06,1:57,2:21
1093,SQ,NGE,YUL,20:04,6:49,2:23
1094,WN,MSN,YUL,18:02,14:02,1:35
1095,HX,IBZ,YUL,0:12,5:23,2:38
1096,AM,KCC,YUL,8:46,1:22,2:44
1097,G4,VBS,YUL,13:07,8:12,1:06
1098,UA,BJI,YUL,2:00,11:09,2:31
1099,CU,DJJ,YUL,0:05,9:18,1:34
1100,VS,CAG,YUL,10:50,13:13,1:23
