101,B6,CES,YUL,07:40,20:50,01:01,\N
102,NK,IOM,YUL,22:14,16:23,01:42,\N
103,TSC,VLI,YUL,05:09,09:45,02:21,\N
104,EK,ATQ,YUL,21:34,08:01,02:13,\N
105,B6,COD,YUL,03:18,13:50,01:11,\N
106,FX,PMR,YUL,16:15,14:30,01:19,\N
107,EY,YOW,YUL,12:18,00:56,02:38,\N
108,QF,CRF,YUL,21:49,15:49,02:41,\N
109,BA,ZYL,YUL,01:29,06:51,02:43,\N
110,AM,OKC,YUL,21:55,03:40,02:29,\N
111,JZA,DEL,YUL,23:21,10:34,02:11,\N
112,AY,IAH,YUL,20:39,14:51,02:53,\N
113,5Y,CON,YUL,22:07,12:39,01:47,\N
114,F9,KID,YUL,19:17,13:02,01:01,\N
115,QF,MPL,YUL,00:30,18:33,01:40,\N
116,5Y,YAT,YUL,07:40,03:41,02:19,\N
117,AS,GUM,YUL,16:13,07:19,02:41,\N
118,FX,DSM,YUL,11:15,05:00,01:47,\N
119,FX,ATQ,YUL,17:18,22:41,01:20,\N
120,HX,YXU,YUL,00:19,18:10,01:04,\N
121,EK,LEQ,YUL,03:35,21:19,02:44,\N
122,CX,PNL,YUL,16:46,10:21,01:05,\N
123,QF,LHR,YUL,20:13,21:14,01:20,\N
124,KL,PAD,YUL,16:36,04:10,01:39,\N
125,QF,IXJ,YUL,08:08,00:49,02:34,\N
126,FI,HRL,YUL,12:11,06:36,02:34,\N
127,5X,AZO,YUL,15:37,05:14,01:31,\N
128,HX,LUG,YUL,01:38,10:27,01:04,\N
129,VX,PXO,YUL,10:39,11:40,02:20,\N
130,BA,FNJ,YUL,23:27,14:26,02:54,\N
131,SQ,BRN,YUL,19:45,06:15,02:02,\N
132,HA,SBU,YUL,20:00,20:51,01:20,\N
133,NZ,PMW,YUL,12:44,07:54,01:17,\N
134,KL,DPO,YUL,03:15,17:24,01:31,\N
135,BR,TTN,YUL,05:29,03:52,01:07,\N
136,SY,KCH,YUL,13:12,00:29,02:12,\N
137,VX,SZB,YUL,07:53,11:52,02:12,\N
138,B6,SDQ,YUL,13:26,01:14,02:16,\N
139,EK,JWA,YUL,22:09,10:49,01:23,\N
140,VS,AKL,YUL,21:20,10:24,02:16,\N
141,LX,WEI,YUL,03:33,01:50,02:42,\N
142,LX,MTS,YUL,21:53,11:45,01:41,\N
143,KL,KTM,YUL,20:07,11:35,01:11,\N
144,ROU,FOU,YUL,03:15,18:42,01:06,\N
145,B6,ROB,YUL,13:46,07:13,01:23,\N
146,PD,MMA,YUL,09:49,06:05,01:03,\N
147,FX,POR,YUL,21:10,01:16,01:51,\N
148,VX,ADJ,YUL,06:13,06:48,02:40,\N
149,BR,HER,YUL,04:25,16:37,01:23,\N
150,LX,SID,YUL,14:51,16:18,01:47,\N
151,AF,VPS,YUL,07:05,05:41,02:51,\N
152,SWG,YGX,YUL,18:24,17:05,02:01,\N
153,B6,AUE,YUL,14:27,21:17,02:26,\N
154,CU,RHI,YUL,12:40,06:44,01:01,\N
155,LH,YQD,YUL,03:42,14:31,02:46,\N
156,NZ,WHK,YUL,01:25,11:19,01:33,\N
157,EK,IOM,YUL,21:44,22:14,01:56,\N
158,5X,CLQ,YUL,01:24,00:07,02:17,\N
159,PD,ETZ,YUL,22:43,13:44,02:40,\N
160,AM,MDC,YUL,21:13,13:42,01:11,\N
161,GA,KUL,YUL,23:49,15:23,01:32,\N
162,HA,AYW,YUL,16:45,04:08,01:12,\N
163,SY,IRO,YUL,15:35,20:54,01:46,\N
164,QF,MKE,YUL,23:09,07:59,02:48,\N
165,LH,SKV,YUL,02:38,07:44,02:38,\N
166,CX,TAK,YUL,09:17,16:27,02:37,\N
167,WN,PZH,YUL,18:02,15:28,02:39,\N
168,VX,PNL,YUL,15:03,04:56,02:49,\N
169,F9,airport_code,YUL,09:01,00:16,01:36,\N
170,TSC,BGF,YUL,08:45,05:36,02:06,\N
171,VS,RIX,YUL,23:08,20:39,01:32,\N
172,KL,BKW,YUL,15:14,12:54,02:46,\N
173,PO,OGG,YUL,18:17,02:49,02:44,\N
174,EY,SVL,YUL,22:40,01:32,02:43,\N
175,GA,EIN,YUL,18:19,18:48,01:51,\N
176,HA,LZC,YUL,00:29,21:14,02:47,\N
177,UA,LFW,YUL,16:42,07:18,02:48,\N
178,DY,PAH,YUL,08:17,21:17,01:59,\N
179,SY,HAR,YUL,19:10,15:50,01:28,\N
180,SQ,PLN,YUL,16:14,17:03,02:25,\N
181,QR,HDD,YUL,08:37,04:58,02:10,\N
182,PD,JKV,YUL,10:06,09:27,02:30,\N
183,TK,SDL,YUL,13:22,07:03,02:55,\N
184,SY,LYR,YUL,03:17,21:10,01:00,\N
185,DL,RHO,YUL,19:31,17:45,02:28,\N
186,VS,ABS,YUL,23:13,11:57,02:55,\N
187,TSC,SKS,YUL,22:00,04:02,02:38,\N
188,DL,SVG,YUL,21:00,21:25,02:03,\N
189,F9,SHE,YUL,01:38,00:28,01:53,\N
190,AM,QNB,YUL,19:05,13:12,02:42,\N
191,B6,ABE,YUL,07:28,10:02,01:04,\N
192,AS,STN,YUL,18:10,22:20,02:45,\N
193,BA,ILI,YUL,19:47,10:36,01:45,\N
194,AZ,EMY,YUL,01:22,17:53,02:19,\N
195,KL,JXN,YUL,03:50,00:15,01:48,\N
196,AM,ILP,YUL,22:50,00:54,01:21,\N
197,VS,BAQ,YUL,13:59,05:24,02:51,\N
198,DY,ACH,YUL,08:32,09:05,01:38,\N
199,PO,GLA,YUL,08:03,03:11,01:44,\N
200,UA,BEL,YUL,02:02,04:00,01:50,\N
201,DY,MQL,YUL,11:03,08:17,01:53,\N
202,EK,VST,YUL,07:36,12:17,01:58,\N
203,SQ,ILI,YUL,04:44,02:44,01:10,\N
204,CX,OMO,YUL,03:21,21:27,02:41,\N
205,BR,AOO,YUL,06:10,22:45,01:14,\N
206,5X,LED,YUL,09:38,10:09,01:38,\N
207,DL,KSL,YUL,07:32,19:14,01:38,\N
208,F9,BOI,YUL,19:53,12:00,01:07,\N
209,SY,JHQ,YUL,12:21,04:40,02:36,\N
210,AM,DSA,YUL,04:19,10:20,02:24,\N
211,PD,ULU,YUL,02:54,22:48,01:34,\N
212,AZ,JTI,YUL,04:48,06:55,01:04,\N
213,UA,RAP,YUL,12:08,09:35,02:46,\N
214,CU,JNB,YUL,08:03,13:04,01:03,\N
215,TSC,MED,YUL,16:45,00:20,01:44,\N
216,5X,BAQ,YUL,09:08,14:23,02:34,\N
217,FX,YVP,YUL,10:54,07:36,02:14,\N
218,AA,AAC,YUL,06:32,04:25,01:21,\N
219,AA,LRD,YUL,12:45,19:36,02:26,\N
220,DY,LFW,YUL,20:28,14:31,02:12,\N
221,QF,HKG,YUL,23:42,19:15,01:31,\N
222,EY,ALC,YUL,00:02,19:01,01:21,\N
223,AM,ILE,YUL,11:21,23:09,01:37,\N
224,SY,FNC,YUL,01:46,23:00,01:23,\N
225,AS,JTR,YUL,13:00,13:44,01:10,\N
226,AF,BMI,YUL,10:13,06:57,02:14,\N
227,JL,MXP,YUL,11:56,14:56,02:57,\N
228,SQ,NEV,YUL,21:07,12:26,02:30,\N
229,F9,GTF,YUL,22:20,06:33,01:44,\N
230,WN,SBU,YUL,20:53,06:06,02:52,\N
231,NK,NKC,YUL,19:30,10:23,02:53,\N
232,LX,BJV,YUL,10:15,15:18,02:55,\N
233,EK,EDR,YUL,13:40,16:10,01:45,\N
234,QR,FNA,YUL,16:47,08:59,02:57,\N
235,VX,UCT,YUL,17:31,18:09,02:46,\N
236,AS,ASK,YUL,06:20,17:50,02:43,\N
237,AM,BZV,YUL,23:10,00:47,02:46,\N
238,TSC,MBA,YUL,18:48,13:17,01:55,\N
239,F9,SDY,YUL,02:35,10:54,01:24,\N
240,JL,NBO,YUL,20:39,07:05,02:12,\N
241,G4,ULB,YUL,17:07,19:11,01:29,\N
242,EK,HRE,YUL,16:41,08:35,01:37,\N
243,BA,SJD,YUL,14:35,01:39,02:12,\N
244,ROU,BHM,YUL,18:27,21:45,02:43,\N
245,SQ,JIJ,YUL,15:46,01:43,02:51,\N
246,5X,TFS,YUL,23:34,03:25,01:33,\N
247,B6,TKS,YUL,10:30,20:52,01:25,\N
248,JZA,UMD,YUL,05:39,05:56,01:57,\N
249,5X,PRY,YUL,01:59,09:16,01:27,\N
250,F9,JNA,YUL,19:18,17:59,01:06,\N
251,AS,CRW,YUL,10:59,00:36,01:21,\N
252,SY,HNA,YUL,17:27,21:27,01:38,\N
253,GA,BKW,YUL,13:19,00:29,01:12,\N
254,JL,NNG,YUL,21:09,09:46,02:17,\N
255,BA,CIW,YUL,10:51,10:43,02:54,\N
256,B6,KRB,YUL,16:32,02:58,02:57,\N
257,CX,TOL,YUL,22:01,12:32,02:21,\N
258,BR,MGH,YUL,02:02,16:11,01:52,\N
259,UA,TNA,YUL,08:11,12:22,02:20,\N
260,TSC,LWB,YUL,20:55,14:09,01:54,\N
261,F9,NGO,YUL,15:19,02:45,02:42,\N
262,5X,ASE,YUL,03:11,12:03,01:52,\N
263,QF,UNT,YUL,18:55,06:59,01:49,\N
264,DL,WDH,YUL,02:55,23:02,01:07,\N
265,AA,JCB,YUL,11:28,07:39,01:34,\N
266,AS,HAJ,YUL,04:38,22:30,02:53,\N
267,PO,LEX,YUL,22:58,23:54,01:57,\N
268,AY,TBU,YUL,23:55,07:08,02:36,\N
269,QR,NOC,YUL,04:58,19:31,01:47,\N
270,BA,CLQ,YUL,03:20,18:36,02:28,\N
271,CX,JHB,YUL,08:33,12:56,01:47,\N
272,AM,BLR,YUL,12:10,10:31,01:09,\N
273,AY,ETZ,YUL,21:47,02:14,01:10,\N
274,JL,RAR,YUL,17:53,12:32,01:20,\N
275,5X,DUT,YUL,00:10,03:01,01:14,\N
276,QR,TMW,YUL,00:15,10:27,01:17,\N
277,ROU,ORH,YUL,06:27,12:35,01:12,\N
278,WN,GSO,YUL,14:50,17:02,01:16,\N
279,HA,MIA,YUL,08:18,01:21,01:40,\N
280,EK,ABY,YUL,09:54,14:43,01:31,\N
281,AM,MCO,YUL,01:06,14:56,01:33,\N
282,HX,RBA,YUL,04:59,18:22,02:45,\N
283,AM,AMS,YUL,16:19,12:41,01:39,\N
284,SWG,TMS,YUL,01:14,06:52,02:49,\N
285,UA,JIU,YUL,10:03,14:06,01:54,\N
286,NK,ARB,YUL,23:26,11:12,01:47,\N
287,BA,NIP,YUL,13:26,13:48,02:09,\N
288,QF,YUM,YUL,19:08,03:50,02:49,\N
289,LH,MAZ,YUL,01:26,07:30,01:48,\N
290,GA,ETH,YUL,20:53,12:25,01:37,\N
291,BR,GPT,YUL,03:14,20:10,02:22,\N
292,DY,SZB,YUL,17:57,17:21,02:57,\N
293,5Y,SGU,YUL,05:37,22:03,02:02,\N
294,NK,BTR,YUL,19:08,21:06,02:00,\N
295,KL,WVB,YUL,16:11,14:34,02:40,\N
296,EY,FNT,YUL,21:52,01:49,01:55,\N
297,PO,LGB,YUL,20:44,18:36,01:39,\N
298,5Y,SLS,YUL,12:04,08:48,02:34,\N
299,GA,SFA,YUL,01:00,07:56,01:12,\N
300,DL,CBU,YUL,14:01,05:39,02:42,\N
301,QR,NAP,YUL,21:26,14:29,01:04,\N
302,HX,LEK,YUL,17:19,10:03,02:15,\N
303,TSC,ELL,YUL,02:03,11:14,02:12,\N
304,G4,SPI,YUL,19:13,15:10,02:05,\N
305,CX,TEM,YUL,10:28,16:05,01:16,\N
306,NZ,NOU,YUL,14:00,17:09,01:44,\N
307,TK,SPY,YUL,23:03,06:13,01:40,\N
308,VS,GOZ,YUL,16:08,10:29,01:02,\N
309,AA,RUH,YUL,11:28,14:27,02:53,\N
310,FX,DOH,YUL,09:56,00:22,02:31,\N
311,BA,ENA,YUL,06:38,15:25,01:10,\N
312,TK,UNT,YUL,01:26,13:06,02:07,\N
313,TSC,EBA,YUL,08:39,15:00,01:13,\N
314,LH,MGQ,YUL,17:07,17:28,02:39,\N
315,BR,NOC,YUL,02:24,04:09,02:28,\N
316,QR,TUS,YUL,01:21,16:05,01:43,\N
317,AF,MPM,YUL,18:46,19:58,02:40,\N
318,VX,PIR,YUL,23:48,02:23,02:32,\N
319,SQ,JUB,YUL,14:35,07:17,02:29,\N
320,CX,MBA,YUL,08:29,01:48,02:12,\N
321,LH,LRE,YUL,01:06,08:20,01:33,\N
322,LH,UCT,YUL,11:11,03:56,01:53,\N
323,QF,SMF,YUL,11:42,20:10,02:21,\N
324,LH,RBA,YUL,10:10,15:55,02:40,\N
325,AS,SSG,YUL,09:05,14:45,01:52,\N
326,SY,DJJ,YUL,09:59,18:40,02:20,\N
327,NK,TIS,YUL,23:19,12:45,02:48,\N
328,GA,LEK,YUL,04:34,08:57,02:08,\N
329,SWG,SKD,YUL,04:29,08:36,01:17,\N
330,GA,YYR,YUL,00:01,11:28,02:41,\N
331,TK,DRS,YUL,00:56,18:57,02:37,\N
332,UA,BBY,YUL,17:48,18:48,01:15,\N
333,HX,OSA,YUL,03:27,20:39,01:51,\N
334,PO,BJV,YUL,01:13,18:24,01:41,\N
335,F9,ADJ,YUL,19:04,03:40,01:45,\N
336,EY,LEJ,YUL,02:40,23:50,01:39,\N
337,AZ,MXL,YUL,03:45,05:25,01:39,\N
338,VX,GAU,YUL,07:31,02:23,02:30,\N
339,PD,BOB,YUL,17:36,11:01,01:44,\N
340,5Y,CTU,YUL,07:38,07:52,01:16,\N
341,HA,MFO,YUL,12:26,11:15,02:34,\N
342,EK,HOU,YUL,02:27,02:43,02:27,\N
343,PD,RTM,YUL,19:23,20:49,02:57,\N
344,CX,NRA,YUL,06:27,17:17,02:27,\N
345,F9,NAA,YUL,09:47,13:37,01:15,\N
346,EY,LGA,YUL,06:25,05:26,01:33,\N
347,QF,GOZ,YUL,09:56,11:34,01:39,\N
348,BA,EMD,YUL,23:53,04:08,02:52,\N
349,AC,SWP,YUL,10:10,01:25,02:48,\N
350,VS,TCU,YUL,00:09,22:11,01:58,\N
351,ROU,ITO,YUL,09:56,12:34,02:18,\N
352,JL,TKU,YUL,16:08,08:13,02:33,\N
353,F9,QNB,YUL,09:33,21:21,01:20,\N
354,LH,HAG,YUL,17:44,05:50,02:26,\N
355,TK,JMO,YUL,19:24,14:47,02:23,\N
356,UA,GRU,YUL,05:29,15:40,02:33,\N
357,TK,KNO,YUL,10:03,00:22,01:48,\N
358,VS,XMH,YUL,08:17,21:15,01:38,\N
359,JL,VRN,YUL,12:01,16:58,02:06,\N
360,UA,BDL,YUL,10:54,20:11,02:45,\N
361,VS,BUR,YUL,04:32,20:47,02:52,\N
362,AC,ABS,YUL,10:34,02:17,02:37,\N
363,5Y,WYS,YUL,18:57,00:24,01:45,\N
364,QF,PRY,YUL,12:29,23:39,01:45,\N
365,AS,LBV,YUL,09:00,01:22,01:24,\N
366,LX,MLE,YUL,15:14,04:21,01:19,\N
367,TK,SMF,YUL,06:01,04:01,01:37,\N
368,PO,ROA,YUL,03:05,16:35,02:48,\N
369,CX,NDJ,YUL,08:38,07:07,02:44,\N
370,CX,JHG,YUL,10:18,02:25,02:22,\N
371,VS,SGY,YUL,09:41,12:22,02:51,\N
372,SWG,ASE,YUL,17:49,18:39,02:31,\N
373,VS,CZM,YUL,00:16,04:01,02:26,\N
374,FI,OWB,YUL,05:29,16:56,02:08,\N
375,FI,KOA,YUL,11:02,20:30,01:38,\N
376,EY,CBR,YUL,18:00,20:43,01:30,\N
377,PD,MMJ,YUL,04:55,04:49,01:16,\N
378,GA,SZB,YUL,05:17,13:07,01:50,\N
379,B6,UDE,YUL,00:17,23:12,02:47,\N
380,VS,PSE,YUL,10:21,17:06,02:27,\N
381,KL,DAR,YUL,03:46,02:54,02:38,\N
382,B6,BGY,YUL,11:42,05:59,01:26,\N
383,AC,MJL,YUL,19:52,08:47,01:28,\N
384,ROU,DJE,YUL,19:58,14:28,01:17,\N
385,5X,ASK,YUL,11:01,17:40,02:02,\N
386,CU,BMP,YUL,00:53,14:45,02:46,\N
387,QF,BTV,YUL,15:47,17:53,01:22,\N
388,SWG,FUT,YUL,16:27,04:10,01:03,\N
389,CX,AAT,YUL,21:22,03:39,02:01,\N
390,NZ,PGF,YUL,17:56,03:16,02:07,\N
391,WN,HNL,YUL,16:01,19:50,02:28,\N
392,LH,MTM,YUL,14:57,21:46,01:42,\N
393,SY,NST,YUL,23:35,19:44,01:04,\N
394,LH,POA,YUL,09:39,09:42,02:15,\N
395,DY,PDL,YUL,16:35,04:54,01:15,\N
396,SQ,HYA,YUL,09:01,21:23,02:33,\N
397,LH,GOT,YUL,18:58,09:30,02:30,\N
398,VX,airport_code,YUL,14:54,09:54,02:47,\N
399,DL,IJX,YUL,14:17,11:50,02:06,\N
400,AF,NKC,YUL,16:01,18:53,02:39,\N
401,WN,KNO,YUL,17:01,17:48,01:16,\N
402,5X,OTH,YUL,22:24,21:45,01:39,\N
403,WN,FDF,YUL,19:39,18:34,02:21,\N
404,SY,GOA,YUL,23:39,17:32,01:29,\N
405,VS,BJI,YUL,03:53,15:04,02:28,\N
406,AF,MIR,YUL,18:39,01:52,02:46,\N
407,GA,IPL,YUL,16:07,14:15,02:19,\N
408,EK,KYS,YUL,22:14,08:55,01:54,\N
409,CU,AUE,YUL,16:09,16:36,02:07,\N
410,CU,JMU,YUL,03:05,22:01,02:54,\N
411,BR,OOM,YUL,13:16,09:53,02:33,\N
412,5X,SLP,YUL,08:35,21:48,02:12,\N
413,SQ,SAT,YUL,07:46,19:14,02:52,\N
414,AA,JMU,YUL,02:26,20:39,01:42,\N
415,BA,ILY,YUL,15:10,20:40,02:21,\N
416,PD,PBO,YUL,11:44,19:55,02:11,\N
417,VS,ORL,YUL,03:31,21:03,01:42,\N
418,QF,FUK,YUL,15:12,17:27,01:35,\N
419,F9,ORS,YUL,11:44,15:23,01:44,\N
420,GA,STN,YUL,17:11,11:58,02:33,\N
421,LH,LJU,YUL,20:43,21:05,01:13,\N
422,5X,NLD,YUL,09:47,00:53,02:21,\N
423,PO,TLL,YUL,00:55,06:52,02:15,\N
424,VX,SKV,YUL,21:33,22:13,02:24,\N
425,JZA,IGR,YUL,13:15,19:41,02:32,\N
426,CA,KRT,YUL,21:10,17:39,01:56,\N
427,AC,WMB,YUL,04:32,14:27,01:40,\N
428,KL,MBH,YUL,02:18,01:56,01:48,\N
429,WN,AUS,YUL,12:16,05:45,01:49,\N
430,SWG,LZC,YUL,13:06,22:55,01:47,\N
431,KL,JPA,YUL,14:03,13:42,01:20,\N
432,QF,UTT,YUL,10:18,08:48,01:19,\N
433,AA,MCT,YUL,10:13,13:24,02:04,\N
434,CA,YIH,YUL,22:50,20:32,02:09,\N
435,GA,AUR,YUL,10:51,04:37,02:56,\N
436,BA,PKW,YUL,20:29,22:31,01:18,\N
437,AY,YMX,YUL,04:34,09:31,02:55,\N
438,FX,JMB,YUL,20:33,01:23,01:57,\N
439,HA,EGS,YUL,02:52,13:57,01:56,\N
440,QF,YQB,YUL,01:16,05:49,01:45,\N
441,NK,ATZ,YUL,00:12,00:55,02:35,\N
442,DY,PQQ,YUL,17:11,23:53,01:54,\N
443,5X,ROC,YUL,06:18,17:52,01:21,\N
444,VX,ABS,YUL,18:34,19:02,02:24,\N
445,BR,KDU,YUL,06:32,20:58,01:14,\N
446,AZ,PQI,YUL,13:53,02:03,02:16,\N
447,CX,UTN,YUL,23:41,19:02,02:14,\N
448,WN,BZN,YUL,04:22,10:56,01:39,\N
449,NK,BRN,YUL,07:12,17:48,01:25,\N
450,KL,PNI,YUL,15:57,10:28,02:19,\N
451,SWG,SHE,YUL,17:42,20:48,01:49,\N
452,AF,CGN,YUL,03:39,01:12,02:14,\N
453,AY,LRD,YUL,13:29,19:24,01:29,\N
454,TK,ACV,YUL,03:56,16:54,02:55,\N
455,F9,WNS,YUL,05:59,05:34,01:41,\N
456,CX,EXT,YUL,02:11,04:56,02:41,\N
457,DY,TAO,YUL,21:42,02:29,02:08,\N
458,HA,CTN,YUL,13:05,11:27,02:23,\N
459,F9,ARK,YUL,06:52,18:07,01:10,\N
460,KL,LYP,YUL,21:32,01:27,01:25,\N
461,JL,TAY,YUL,21:49,12:07,01:54,\N
462,HA,ALA,YUL,01:00,21:52,02:51,\N
463,NK,HDN,YUL,21:32,20:34,01:12,\N
464,HA,UUD,YUL,05:57,21:36,01:38,\N
465,DY,POR,YUL,18:01,15:35,02:38,\N
466,QR,YAO,YUL,13:50,18:53,02:48,\N
467,B6,FKI,YUL,20:22,02:23,01:46,\N
468,NZ,UCT,YUL,20:13,11:57,02:03,\N
469,UA,HIS,YUL,13:04,12:56,02:28,\N
470,SWG,JED,YUL,04:52,14:03,01:36,\N
471,F9,YVO,YUL,15:02,03:31,02:00,\N
472,CA,JGS,YUL,20:49,05:40,01:09,\N
473,B6,BBT,YUL,09:38,20:14,01:42,\N
474,NK,UNI,YUL,19:17,07:11,02:18,\N
475,FX,EMA,YUL,15:55,18:41,02:24,\N
476,HA,ORB,YUL,14:01,19:31,01:39,\N
477,DY,PIT,YUL,11:02,12:04,01:04,\N
478,5X,DLC,YUL,21:16,23:15,02:52,\N
479,TK,GLA,YUL,11:12,05:47,02:14,\N
480,JZA,LGW,YUL,07:46,18:54,02:43,\N
481,AZ,MBM,YUL,19:33,18:35,01:20,\N
482,LH,IST,YUL,01:17,12:11,02:21,\N
483,G4,NAT,YUL,16:03,22:56,01:09,\N
484,JL,MJN,YUL,06:41,14:31,01:28,\N
485,SQ,BUE,YUL,21:18,01:55,02:39,\N
486,SWG,SLU,YUL,06:59,01:09,01:21,\N
487,FI,SVD,YUL,17:31,13:13,02:09,\N
488,BA,VST,YUL,22:42,21:19,01:28,\N
489,DL,OSL,YUL,16:32,11:23,02:57,\N
490,HX,MCP,YUL,08:10,02:45,01:29,\N
491,AY,KMQ,YUL,11:24,01:41,01:56,\N
492,DL,MAH,YUL,15:57,22:25,01:18,\N
493,WN,SCU,YUL,11:13,20:49,02:56,\N
494,UA,FAI,YUL,19:50,13:45,01:51,\N
495,CA,ODB,YUL,16:46,04:03,02:25,\N
496,BR,UIT,YUL,19:01,18:32,01:34,\N
497,HA,BLT,YUL,23:37,03:59,01:39,\N
498,FX,SFA,YUL,05:16,07:29,01:14,\N
499,NK,SJO,YUL,14:00,18:45,01:42,\N
500,PO,BPT,YUL,15:22,23:11,01:40,\N
501,FX,PEG,YUL,15:50,12:23,01:32,\N
502,5X,MXP,YUL,20:57,15:53,02:57,\N
503,AY,SSA,YUL,02:04,16:20,01:46,\N
504,AC,YYC,YUL,08:17,08:10,02:52,\N
505,GA,TGD,YUL,17:48,18:09,02:51,\N
506,JL,YIH,YUL,00:00,07:28,02:02,\N
507,ROU,SRZ,YUL,21:28,23:40,01:50,\N
508,SY,CFU,YUL,06:07,21:25,01:49,\N
509,G4,PPT,YUL,07:12,16:33,01:49,\N
510,DY,IKT,YUL,10:26,08:18,01:03,\N
511,F9,PYB,YUL,14:18,01:37,02:13,\N
512,F9,BGU,YUL,20:37,15:48,01:23,\N
513,AY,TGU,YUL,00:51,16:14,02:38,\N
514,JL,QLI,YUL,08:45,07:14,02:09,\N
515,SWG,SHR,YUL,11:37,21:23,02:29,\N
516,NZ,SPU,YUL,22:13,19:29,02:14,\N
517,QR,COD,YUL,10:28,23:45,01:08,\N
518,BR,UTH,YUL,14:07,22:14,02:42,\N
519,GA,HAV,YUL,08:09,12:09,01:41,\N
520,F9,YVA,YUL,16:38,01:53,01:19,\N
521,EK,MQQ,YUL,02:10,14:46,01:37,\N
522,CU,RSD,YUL,12:47,05:10,01:57,\N
523,HX,LTO,YUL,07:45,11:49,02:30,\N
524,QR,GAU,YUL,02:00,13:25,01:36,\N
525,TSC,YNB,YUL,22:58,10:16,01:07,\N
526,KL,VDZ,YUL,02:37,17:43,02:42,\N
527,EY,CUL,YUL,14:37,00:39,01:43,\N
528,LH,SBA,YUL,17:02,07:33,02:17,\N
529,AF,MQQ,YUL,04:00,17:16,02:04,\N
530,NZ,JKG,YUL,13:29,17:10,02:42,\N
531,AZ,RNE,YUL,16:09,23:34,01:25,\N
532,AC,MCY,YUL,05:29,00:15,01:50,\N
533,SY,AVP,YUL,13:44,09:13,01:54,\N
534,5Y,SWF,YUL,22:38,21:02,01:34,\N
535,AA,YUL,YUL,08:06,13:21,02:36,\N
536,BR,BTS,YUL,07:56,15:35,02:36,\N
537,QR,JKH,YUL,13:02,22:07,02:11,\N
538,F9,JPA,YUL,11:05,05:06,01:48,\N
539,DL,YPN,YUL,18:58,18:34,01:41,\N
540,DY,BDB,YUL,20:34,07:49,01:51,\N
541,CX,OKU,YUL,08:49,04:14,02:17,\N
542,DL,EAS,YUL,23:09,13:22,02:49,\N
543,EY,YHZ,YUL,23:31,15:42,01:22,\N
544,DY,THR,YUL,00:30,16:09,01:59,\N
545,LH,XPK,YUL,19:36,21:23,02:36,\N
546,BA,PDT,YUL,05:54,06:59,02:14,\N
547,CA,BUQ,YUL,12:41,15:25,02:14,\N
548,SY,IPC,YUL,19:33,17:41,02:33,\N
549,GA,IKT,YUL,06:07,11:54,02:15,\N
550,GA,BNA,YUL,10:03,13:02,02:13,\N
551,JZA,BRU,YUL,03:31,13:33,02:55,\N
552,SQ,MFN,YUL,03:48,11:25,01:41,\N
553,QF,NAJ,YUL,08:11,12:28,02:57,\N
554,G4,JVL,YUL,00:58,21:45,01:15,\N
555,G4,HSV,YUL,23:32,11:19,02:30,\N
556,AM,MIR,YUL,07:22,17:10,02:06,\N
557,QF,AOK,YUL,01:09,12:37,02:05,\N
558,AA,NCE,YUL,22:04,20:48,01:35,\N
559,B6,MCL,YUL,19:45,02:57,02:33,\N
560,FI,DKR,YUL,22:31,01:37,02:28,\N
561,B6,YQD,YUL,20:07,00:26,02:50,\N
562,CU,BTS,YUL,00:26,04:54,02:04,\N
563,QR,JAG,YUL,22:29,18:04,01:59,\N
564,EY,USH,YUL,03:52,20:06,01:07,\N
565,CA,CHS,YUL,21:18,01:13,02:25,\N
566,JZA,KBP,YUL,16:30,09:27,02:29,\N
567,AZ,SEB,YUL,04:15,03:59,02:01,\N
568,CU,MFN,YUL,18:26,22:14,02:26,\N
569,5Y,TCU,YUL,15:12,12:21,01:39,\N
570,UA,KNU,YUL,14:26,02:27,01:27,\N
571,JL,ENC,YUL,05:47,15:22,02:14,\N
572,LX,ABD,YUL,16:08,12:26,02:15,\N
573,SY,KWM,YUL,05:29,16:26,01:42,\N
574,DL,RAZ,YUL,02:21,03:43,01:23,\N
575,QF,ODE,YUL,12:09,12:27,01:51,\N
576,AA,SJD,YUL,18:11,19:35,01:19,\N
577,UA,MNL,YUL,09:14,15:46,02:49,\N
578,HA,FPO,YUL,06:56,22:02,01:13,\N
579,PO,CHO,YUL,14:07,22:43,01:20,\N
580,SY,PBI,YUL,16:33,08:39,02:42,\N
581,FI,KLR,YUL,20:57,15:21,02:23,\N
582,AS,SOF,YUL,04:09,19:34,02:48,\N
583,BR,ORN,YUL,03:22,20:25,02:38,\N
584,SY,PRY,YUL,08:29,02:48,01:02,\N
585,DY,JOE,YUL,04:28,03:56,02:21,\N
586,QR,SSL,YUL,16:31,04:39,02:16,\N
587,EK,ULN,YUL,16:18,15:40,01:09,\N
588,QR,NST,YUL,04:39,17:09,02:45,\N
589,UA,CFN,YUL,12:08,19:03,02:00,\N
590,SWG,ULD,YUL,19:22,08:53,02:18,\N
591,TSC,MEX,YUL,21:52,22:16,02:02,\N
592,DL,GOU,YUL,02:34,04:09,01:51,\N
593,BR,ILI,YUL,17:44,09:55,02:03,\N
594,G4,UKB,YUL,07:46,19:25,01:05,\N
595,G4,DDI,YUL,03:28,04:13,01:24,\N
596,SQ,WEI,YUL,03:36,07:39,02:22,\N
597,SWG,TEX,YUL,14:24,04:50,01:21,\N
598,TK,JKT,YUL,21:54,02:21,02:08,\N
599,AC,ILY,YUL,05:18,06:23,01:43,\N
600,SQ,BEL,YUL,05:11,10:23,02:05,\N
601,KL,IXR,YUL,23:04,03:39,02:54,\N
602,AY,ACE,YUL,01:12,16:23,02:53,\N
603,F9,CIA,YUL,13:00,07:21,02:38,\N
604,CX,KAO,YUL,07:12,04:22,01:56,\N
605,AF,KTB,YUL,01:25,23:52,02:49,\N
606,TSC,SPU,YUL,06:16,06:24,02:49,\N
607,PD,MBJ,YUL,02:59,13:16,02:26,\N
608,NK,TYO,YUL,19:10,15:05,01:58,\N
609,FX,MVY,YUL,03:17,23:17,02:36,\N
610,HX,QPG,YUL,22:14,04:29,02:09,\N
611,EK,KSU,YUL,22:05,06:45,02:41,\N
612,CA,ICN,YUL,08:11,23:34,02:10,\N
613,CX,LCH,YUL,21:58,01:21,01:35,\N
614,SQ,ADF,YUL,18:26,14:19,02:32,\N
615,UA,LWK,YUL,23:28,20:02,02:37,\N
616,AY,DET,YUL,13:40,06:42,02:09,\N
617,GA,MYJ,YUL,01:16,11:12,01:28,\N
618,DL,MAA,YUL,23:01,20:05,02:36,\N
619,PO,HDN,YUL,03:14,02:04,02:39,\N
620,G4,KMI,YUL,14:10,15:49,02:36,\N
621,BA,BOJ,YUL,00:09,16:05,01:54,\N
622,CX,JOL,YUL,15:23,12:07,01:11,\N
623,SWG,PBZ,YUL,15:57,01:02,02:54,\N
624,JZA,MTY,YUL,23:42,09:43,01:00,\N
625,HA,RKT,YUL,17:33,12:54,01:07,\N
626,AY,NAT,YUL,15:54,07:17,01:19,\N
627,WN,ACC,YUL,15:38,06:11,02:23,\N
628,SWG,ANB,YUL,04:12,04:57,02:03,\N
629,QF,EKI,YUL,03:23,12:38,02:04,\N
630,AA,BGM,YUL,03:53,22:46,02:12,\N
631,ROU,FCO,YUL,02:19,16:26,01:40,\N
632,VX,JAK,YUL,04:29,03:02,02:43,\N
633,G4,SGD,YUL,14:26,13:02,01:45,\N
634,EK,ORK,YUL,02:55,18:55,01:21,\N
635,PD,FJR,YUL,10:58,21:35,02:28,\N
636,5Y,PNR,YUL,03:22,05:15,02:35,\N
637,BA,MRB,YUL,03:44,21:16,01:41,\N
638,WN,HNK,YUL,13:57,07:09,01:56,\N
639,HA,EWR,YUL,10:02,09:48,02:50,\N
640,SY,AGZ,YUL,11:52,05:29,01:27,\N
641,VX,YYT,YUL,07:24,22:27,01:01,\N
642,TK,KMQ,YUL,03:23,13:28,02:45,\N
643,SQ,MOV,YUL,20:51,01:59,01:41,\N
644,CU,NGO,YUL,03:47,10:25,01:07,\N
645,F9,PMW,YUL,02:03,15:21,01:12,\N
646,SQ,SNA,YUL,17:36,21:35,01:45,\N
647,WN,SWF,YUL,11:00,04:38,02:05,\N
648,VS,RAR,YUL,13:39,12:16,01:24,\N
649,JL,PBM,YUL,20:26,19:49,02:18,\N
650,QF,SRZ,YUL,14:09,07:34,01:26,\N
651,CU,GTN,YUL,07:50,21:26,02:23,\N
652,NZ,SXM,YUL,11:19,18:21,01:53,\N
653,BR,YGW,YUL,11:20,09:13,02:32,\N
654,CA,GRO,YUL,21:33,07:35,02:21,\N
655,EY,KNO,YUL,04:09,20:51,02:25,\N
656,DL,YTO,YUL,09:56,05:02,01:17,\N
657,5X,JMK,YUL,04:49,11:14,01:36,\N
658,QF,PLZ,YUL,23:11,15:28,02:42,\N
659,HX,LLA,YUL,15:09,15:56,02:22,\N
660,DY,DFW,YUL,04:08,15:03,01:34,\N
661,SWG,ZBO,YUL,05:53,21:51,01:31,\N
662,GA,CED,YUL,07:55,20:07,01:22,\N
663,SWG,LGW,YUL,10:26,08:42,01:32,\N
664,ROU,MRV,YUL,12:53,03:26,02:43,\N
665,AC,EMD,YUL,08:23,01:30,02:34,\N
666,ROU,RSW,YUL,14:52,06:14,02:07,\N
667,AM,KIV,YUL,06:01,18:21,02:21,\N
668,JZA,OOM,YUL,02:59,08:36,02:53,\N
669,AZ,ETH,YUL,23:33,21:26,01:04,\N
670,PD,JNG,YUL,14:33,11:40,01:03,\N
671,F9,ACT,YUL,16:36,19:16,02:10,\N
672,AZ,JAC,YUL,13:57,04:22,01:32,\N
673,JL,TAB,YUL,14:59,06:00,02:21,\N
674,SWG,TPS,YUL,10:19,18:07,01:24,\N
675,SQ,ABM,YUL,11:51,02:37,01:14,\N
676,NZ,PDL,YUL,10:14,18:59,02:37,\N
677,AZ,NAT,YUL,00:21,22:15,02:43,\N
678,KL,TEU,YUL,16:33,05:22,02:11,\N
679,TK,XMH,YUL,13:06,10:32,02:31,\N
680,HX,MCI,YUL,04:37,18:55,02:09,\N
681,DL,KMJ,YUL,03:57,15:01,02:55,\N
682,AZ,ASP,YUL,09:28,22:19,02:30,\N
683,G4,ZCL,YUL,10:32,16:39,01:58,\N
684,EY,LGB,YUL,15:57,17:47,01:37,\N
685,EK,UPP,YUL,21:09,14:58,01:08,\N
686,QR,OUK,YUL,03:28,06:31,02:48,\N
687,G4,HWN,YUL,06:38,02:52,01:04,\N
688,JZA,TWU,YUL,18:15,13:56,02:02,\N
689,TK,TEM,YUL,07:26,04:18,01:16,\N
690,SY,BTU,YUL,20:07,17:58,02:34,\N
691,TSC,ISB,YUL,15:04,17:00,01:37,\N
692,TK,JNZ,YUL,12:20,13:18,01:35,\N
693,VX,TGZ,YUL,13:45,16:28,02:03,\N
694,CX,DND,YUL,03:01,11:04,02:02,\N
695,AZ,UMD,YUL,00:04,08:26,01:29,\N
696,AZ,BEW,YUL,02:41,23:42,01:52,\N
697,JZA,UAH,YUL,06:23,23:57,01:49,\N
698,F9,CJC,YUL,18:42,21:53,02:43,\N
699,KL,LBI,YUL,11:56,01:13,02:26,\N
700,CA,IOU,YUL,21:15,16:07,01:46,\N
701,CU,NCY,YUL,11:04,01:56,01:43,\N
702,SWG,ANK,YUL,07:26,10:17,02:37,\N
703,5Y,LCA,YUL,16:09,00:36,02:36,\N
704,LH,GPT,YUL,21:33,17:06,01:34,\N
705,UA,ESF,YUL,22:32,18:01,01:51,\N
706,NZ,CMF,YUL,00:32,21:20,02:30,\N
707,AC,YPN,YUL,07:29,13:02,01:37,\N
708,TK,SRL,YUL,19:43,04:12,02:00,\N
709,AS,LNO,YUL,02:06,14:16,01:58,\N
710,SQ,CMH,YUL,04:27,09:36,01:10,\N
711,JL,KID,YUL,09:05,22:49,01:48,\N
712,QR,MTO,YUL,02:44,19:35,02:42,\N
713,DY,SCC,YUL,08:25,08:46,02:51,\N
714,TSC,INL,YUL,06:29,16:45,02:36,\N
715,SQ,SRZ,YUL,17:04,19:03,02:51,\N
716,TSC,CCZ,YUL,12:52,08:20,02:07,\N
717,HX,RIX,YUL,08:05,05:08,02:37,\N
718,HA,MDC,YUL,05:57,19:10,01:13,\N
719,LH,UKB,YUL,16:19,13:08,02:36,\N
720,5Y,CLT,YUL,12:18,23:01,01:20,\N
721,HA,SRA,YUL,11:17,10:04,02:48,\N
722,BA,MLU,YUL,22:03,21:51,01:05,\N
723,QR,HAM,YUL,04:26,22:17,02:03,\N
724,UA,TAB,YUL,00:28,13:28,02:27,\N
725,GA,YEG,YUL,10:37,14:38,02:35,\N
726,BR,CMF,YUL,03:24,17:07,02:13,\N
727,PD,OUZ,YUL,09:48,13:54,02:13,\N
728,F9,FNA,YUL,22:23,17:24,02:11,\N
729,BR,LJU,YUL,19:22,11:55,02:16,\N
730,G4,SOF,YUL,14:26,09:51,02:14,\N
731,EK,WOL,YUL,18:03,00:35,02:00,\N
732,AY,MRZ,YUL,08:30,10:30,02:48,\N
733,VX,KIW,YUL,16:18,10:41,01:07,\N
734,BR,EAU,YUL,17:14,22:23,02:25,\N
735,EK,BRD,YUL,09:30,03:43,01:30,\N
736,SQ,OUK,YUL,20:18,21:08,02:32,\N
737,GA,SAO,YUL,02:12,07:17,01:34,\N
738,ROU,GUM,YUL,08:11,15:25,02:27,\N
739,NZ,GZA,YUL,15:46,20:54,01:45,\N
740,SWG,BEH,YUL,23:30,11:24,01:22,\N
741,UA,KIN,YUL,19:21,19:59,01:22,\N
742,VX,LLA,YUL,09:48,17:35,02:12,\N
743,QR,FLL,YUL,18:59,10:48,02:53,\N
744,F9,GET,YUL,03:48,15:22,01:11,\N
745,BR,HKG,YUL,01:59,06:06,01:36,\N
746,JL,BHX,YUL,01:30,23:32,02:22,\N
747,HA,BGA,YUL,13:16,23:45,02:00,\N
748,VX,KIV,YUL,03:53,05:36,02:26,\N
749,WN,AGB,YUL,16:11,23:20,01:59,\N
750,VX,SGD,YUL,03:56,12:44,02:25,\N
751,GA,LDE,YUL,15:43,19:41,01:56,\N
752,WN,MVR,YUL,12:09,13:27,02:49,\N
753,SY,BDR,YUL,12:04,13:24,01:08,\N
754,VS,JUL,YUL,21:00,13:07,02:50,\N
755,CA,CLE,YUL,22:15,23:39,01:25,\N
756,DY,MLI,YUL,03:52,00:55,01:16,\N
757,KL,CND,YUL,02:12,14:34,02:06,\N
758,VS,KOA,YUL,22:19,08:43,01:21,\N
759,PO,TIP,YUL,23:32,12:01,01:06,\N
760,AF,CVG,YUL,23:53,04:17,01:16,\N
761,HA,AJF,YUL,20:52,05:36,02:02,\N
762,EY,IGH,YUL,16:03,07:02,02:20,\N
763,UA,PLO,YUL,12:40,12:05,01:27,\N
764,CX,GEX,YUL,08:01,21:34,01:07,\N
765,BA,MJL,YUL,13:54,20:10,02:30,\N
766,ROU,TRS,YUL,23:37,15:21,01:45,\N
767,VS,HRB,YUL,22:48,16:59,01:55,\N
768,QR,TOY,YUL,17:08,16:55,01:22,\N
769,PD,SLA,YUL,11:38,02:12,01:33,\N
770,WN,EBB,YUL,18:06,11:00,01:33,\N
771,VX,SNN,YUL,04:00,00:30,01:38,\N
772,PD,ROS,YUL,00:23,14:02,02:01,\N
773,VX,HYA,YUL,15:37,23:23,01:13,\N
774,FI,INL,YUL,01:30,20:24,02:39,\N
775,FX,VCP,YUL,14:53,08:19,01:32,\N
776,FI,GUA,YUL,03:17,01:17,02:10,\N
777,TK,LGK,YUL,00:57,21:44,02:53,\N
778,5Y,SBW,YUL,15:49,00:55,02:04,\N
779,CU,PKW,YUL,09:41,16:01,02:21,\N
780,AZ,JMB,YUL,15:51,04:10,02:25,\N
781,PO,LDE,YUL,17:12,15:45,02:26,\N
782,BA,XSI,YUL,16:46,15:06,02:16,\N
783,FX,NCS,YUL,21:38,18:45,02:08,\N
784,NZ,BIL,YUL,05:50,00:12,01:33,\N
785,FX,KUL,YUL,03:21,18:16,02:20,\N
786,FI,SPY,YUL,06:23,09:50,02:38,\N
787,AZ,SAT,YUL,13:45,20:16,01:43,\N
788,BR,VIE,YUL,01:27,10:52,02:43,\N
789,AS,KIM,YUL,18:16,11:57,02:39,\N
790,EK,LNS,YUL,17:41,23:14,01:56,\N
791,WN,KGC,YUL,23:20,08:11,01:58,\N
792,HA,SAP,YUL,20:34,00:18,02:23,\N
793,NK,YXT,YUL,07:34,10:14,01:30,\N
794,TK,MZG,YUL,20:59,15:46,01:40,\N
795,WN,PWM,YUL,04:06,17:16,01:29,\N
796,PO,NYC,YUL,05:33,09:18,02:52,\N
797,CA,GOU,YUL,23:37,18:54,01:29,\N
798,GA,GRU,YUL,23:15,19:42,02:56,\N
799,HX,DPO,YUL,06:57,04:16,02:04,\N
800,GA,TGD,YUL,02:34,06:06,01:04,\N
801,AM,JAN,YUL,17:29,06:11,02:27,\N
802,JL,ORS,YUL,20:27,14:27,02:38,\N
803,AM,ABQ,YUL,09:51,03:34,01:52,\N
804,HX,AJN,YUL,11:17,23:23,01:51,\N
805,B6,KMJ,YUL,02:32,12:25,01:06,\N
806,G4,YQX,YUL,03:12,17:43,01:28,\N
807,GA,MRZ,YUL,16:45,06:15,01:10,\N
808,JZA,SGD,YUL,04:16,19:55,01:10,\N
809,B6,JNG,YUL,12:05,12:19,01:44,\N
810,LH,FNJ,YUL,16:16,08:43,02:17,\N
811,AM,CAG,YUL,11:04,05:38,01:19,\N
812,NZ,KIM,YUL,12:49,12:54,02:18,\N
813,PO,HND,YUL,22:58,21:33,02:03,\N
814,UA,NLK,YUL,05:24,05:55,01:59,\N
815,SWG,MPM,YUL,22:40,10:16,02:08,\N
816,AC,LXR,YUL,14:41,22:21,01:19,\N
817,AS,PBH,YUL,10:06,01:32,01:52,\N
818,HA,MIK,YUL,05:17,12:58,01:22,\N
819,5X,QCB,YUL,14:42,20:52,02:27,\N
820,5X,ASR,YUL,09:26,08:21,02:29,\N
821,FI,ODB,YUL,13:12,06:39,02:37,\N
822,CU,CIP,YUL,13:36,21:31,01:51,\N
823,BR,GZA,YUL,08:32,02:06,01:00,\N
824,F9,LBU,YUL,22:39,07:32,02:05,\N
825,CA,SZD,YUL,14:35,04:30,01:31,\N
826,ROU,LWT,YUL,05:33,21:11,01:30,\N
827,FX,ADY,YUL,08:30,16:33,02:12,\N
828,CA,PHL,YUL,11:00,02:11,01:53,\N
829,BA,PNI,YUL,12:39,23:32,01:01,\N
830,5Y,FSD,YUL,14:20,10:55,01:24,\N
831,CU,GIL,YUL,20:42,14:12,02:55,\N
832,QR,TKA,YUL,01:33,10:45,02:45,\N
833,ROU,TSB,YUL,02:27,07:01,02:52,\N
834,VX,CNX,YUL,23:51,14:16,01:22,\N
835,CX,BON,YUL,00:29,07:23,01:17,\N
836,AM,IEV,YUL,08:36,11:59,02:04,\N
837,SY,CZA,YUL,18:01,00:07,02:19,\N
838,FI,CDC,YUL,06:26,12:32,02:26,\N
839,5X,JOE,YUL,03:06,08:56,01:11,\N
840,ROU,MKK,YUL,13:12,20:58,02:32,\N
841,CX,JAD,YUL,23:23,12:09,01:09,\N
842,PD,ATW,YUL,07:18,15:20,02:09,\N
843,G4,BEN,YUL,00:22,09:18,01:52,\N
844,FI,AGA,YUL,13:28,19:59,02:51,\N
845,5Y,NCY,YUL,00:08,23:22,01:32,\N
846,G4,RAI,YUL,13:57,14:56,01:25,\N
847,AC,EGS,YUL,13:41,03:04,01:44,\N
848,JZA,MES,YUL,05:03,15:53,02:01,\N
849,VX,YKS,YUL,06:20,03:13,02:30,\N
850,LX,PPT,YUL,02:38,14:08,01:00,\N
851,KL,MAA,YUL,23:22,19:51,02:14,\N
852,SY,TAY,YUL,19:51,06:13,01:09,\N
853,PD,BKO,YUL,21:23,12:58,02:50,\N
854,PO,COO,YUL,04:00,00:17,02:25,\N
855,PO,ACC,YUL,03:38,03:29,02:47,\N
856,LH,HAJ,YUL,02:24,06:07,01:49,\N
857,AZ,EBJ,YUL,02:19,07:33,01:26,\N
858,NK,ILE,YUL,17:27,03:40,01:39,\N
859,HX,OLF,YUL,11:33,15:28,01:20,\N
860,AZ,FNC,YUL,07:27,07:16,01:09,\N
861,AY,HAG,YUL,22:42,11:45,02:25,\N
862,LX,FUK,YUL,17:25,19:11,01:48,\N
863,5X,NUE,YUL,05:52,12:47,02:41,\N
864,LX,AMM,YUL,01:25,08:00,01:27,\N
865,TSC,ABY,YUL,02:52,07:47,02:23,\N
866,TK,OSH,YUL,14:44,19:43,01:14,\N
867,CU,TCB,YUL,19:00,00:26,02:49,\N
868,CA,PSC,YUL,07:10,04:43,02:45,\N
869,CU,BEO,YUL,21:26,10:38,02:08,\N
870,VX,VRA,YUL,15:03,13:33,02:46,\N
871,AF,RHO,YUL,03:34,05:06,02:02,\N
872,JZA,DSK,YUL,22:20,09:42,01:30,\N
873,FI,MUB,YUL,13:22,19:17,01:01,\N
874,DL,FLG,YUL,20:29,05:07,01:44,\N
875,HA,TOV,YUL,14:03,23:44,01:25,\N
876,UA,OXR,YUL,12:06,22:19,02:46,\N
877,GA,TCA,YUL,05:38,04:46,01:50,\N
878,NZ,SGY,YUL,07:15,04:36,02:26,\N
879,EY,FMO,YUL,07:03,13:27,01:07,\N
880,BA,ALO,YUL,17:47,19:37,02:46,\N
881,CX,JAK,YUL,10:48,11:22,02:11,\N
882,BR,FAO,YUL,09:12,10:03,01:57,\N
883,NZ,RRG,YUL,22:47,14:23,02:20,\N
884,DL,EVN,YUL,06:09,00:16,01:22,\N
885,BA,RDU,YUL,06:46,08:12,02:26,\N
886,SWG,SIN,YUL,16:54,10:54,01:23,\N
887,NK,PUY,YUL,10:48,17:52,02:50,\N
888,TK,EAT,YUL,15:44,09:41,01:51,\N
889,TSC,THE,YUL,08:32,10:09,01:18,\N
890,FX,LRD,YUL,09:09,03:16,01:06,\N
891,VS,CPT,YUL,16:06,10:35,02:27,\N
892,BA,YXE,YUL,00:41,09:10,01:37,\N
893,HX,KIW,YUL,09:24,23:54,02:52,\N
894,UA,GOZ,YUL,18:37,05:09,01:40,\N
895,QR,JRH,YUL,05:01,14:22,02:41,\N
896,ROU,SHE,YUL,05:11,06:59,01:48,\N
897,TK,JER,YUL,17:31,17:35,01:48,\N
898,TK,FHU,YUL,02:22,23:00,01:30,\N
899,HA,PSG,YUL,07:22,02:50,01:02,\N
900,AC,CON,YUL,15:38,23:01,02:06,\N
901,DL,MCY,YUL,01:14,21:35,01:38,\N
902,AM,PEG,YUL,03:50,00:32,02:45,\N
903,NZ,UHE,YUL,20:34,03:52,02:16,\N
904,JZA,DLH,YUL,17:59,17:13,02:02,\N
905,AF,LKO,YUL,02:55,11:49,02:43,\N
906,AC,BEH,YUL,01:53,11:19,01:23,\N
907,PO,CMN,YUL,16:20,10:38,02:46,\N
908,HA,SHE,YUL,02:14,09:29,02:34,\N
909,WN,EGS,YUL,22:12,21:13,01:47,\N
910,QF,HKT,YUL,06:15,09:22,01:18,\N
911,TSC,BLQ,YUL,14:28,20:09,01:16,\N
912,SY,DJE,YUL,03:59,13:04,02:09,\N
913,HA,CWB,YUL,12:31,17:22,02:32,\N
914,G4,HDN,YUL,11:25,07:19,01:55,\N
915,LH,JIR,YUL,07:18,21:28,02:10,\N
916,NK,TSN,YUL,16:46,12:39,02:36,\N
917,DL,MEL,YUL,09:52,22:54,01:22,\N
918,PO,NCY,YUL,03:27,23:17,01:57,\N
919,NZ,TSE,YUL,10:41,19:24,02:17,\N
920,DL,ALC,YUL,20:22,03:30,01:39,\N
921,LH,JAA,YUL,17:14,18:21,01:37,\N
922,NK,QLI,YUL,21:20,13:48,01:42,\N
923,DY,YQD,YUL,11:41,20:55,01:03,\N
924,PD,VEL,YUL,19:12,01:04,01:03,\N
925,AC,ODA,YUL,00:16,19:19,01:31,\N
926,5Y,PKB,YUL,09:57,09:59,02:22,\N
927,B6,OOL,YUL,09:12,03:28,02:01,\N
928,SQ,MAF,YUL,09:13,08:33,01:52,\N
929,CX,OSA,YUL,04:55,07:37,01:02,\N
930,FX,DEC,YUL,19:05,11:47,02:31,\N
931,DY,OUZ,YUL,18:36,10:41,02:43,\N
932,NZ,NCS,YUL,21:32,02:04,02:55,\N
933,EK,MEI,YUL,21:10,16:45,01:07,\N
934,BR,AOI,YUL,05:13,17:01,01:31,\N
935,EK,IAG,YUL,07:57,19:27,02:11,\N
936,WN,BOO,YUL,09:17,19:02,01:00,\N
937,TSC,CLM,YUL,13:09,05:29,02:03,\N
938,TK,NAG,YUL,16:39,23:22,02:47,\N
939,CX,BHV,YUL,00:33,11:06,02:19,\N
940,AY,TUN,YUL,23:37,11:58,01:35,\N
941,QF,YXU,YUL,05:10,20:47,02:52,\N
942,HX,CHI,YUL,03:19,08:58,02:50,\N
943,DL,AMA,YUL,03:54,13:15,02:03,\N
944,NZ,PYX,YUL,19:12,17:43,01:32,\N
945,AF,SRZ,YUL,21:43,14:36,01:13,\N
946,AA,RAK,YUL,19:38,17:18,01:40,\N
947,DL,PZH,YUL,02:33,01:47,02:01,\N
948,EK,TUN,YUL,09:35,23:11,01:38,\N
949,TSC,YAT,YUL,01:47,10:32,01:35,\N
950,AS,ASE,YUL,19:27,10:09,02:19,\N
951,JZA,ROC,YUL,06:56,07:21,02:08,\N
952,GA,BIL,YUL,01:48,07:04,01:45,\N
953,TSC,WEI,YUL,06:33,13:03,02:44,\N
954,PD,TOY,YUL,21:22,06:58,02:10,\N
955,FI,FKS,YUL,19:16,04:41,01:56,\N
956,AS,ULD,YUL,19:51,02:34,02:06,\N
957,SQ,ZKE,YUL,13:05,04:19,02:17,\N
958,GA,TYS,YUL,16:49,06:32,02:31,\N
959,G4,ANR,YUL,10:42,23:01,02:52,\N
960,AZ,MUB,YUL,20:51,12:59,02:31,\N
961,PD,HII,YUL,12:27,03:59,01:39,\N
962,5Y,NAA,YUL,16:15,14:06,01:23,\N
963,CA,CJL,YUL,08:27,12:02,02:07,\N
964,VX,BAQ,YUL,13:20,02:29,02:15,\N
965,JL,SUV,YUL,17:14,16:13,02:42,\N
966,FX,TBU,YUL,11:49,12:21,01:44,\N
967,B6,KEL,YUL,07:13,21:16,02:24,\N
968,5X,USH,YUL,08:40,00:07,02:55,\N
969,F9,AYT,YUL,05:36,22:13,01:24,\N
970,B6,FIH,YUL,19:53,09:22,01:21,\N
971,VX,BJZ,YUL,03:03,15:57,02:06,\N
972,KL,JHQ,YUL,10:13,00:53,02:48,\N
973,NK,LRE,YUL,08:11,00:26,01:03,\N
974,CA,YGL,YUL,04:59,16:14,01:34,\N
975,AC,ELM,YUL,17:18,00:36,02:17,\N
976,ROU,JMB,YUL,03:12,03:27,02:40,\N
977,VS,SKG,YUL,08:53,08:25,01:55,\N
978,F9,MFQ,YUL,12:54,16:00,02:58,\N
979,CX,DUB,YUL,01:59,23:49,01:05,\N
980,VX,BLK,YUL,12:55,01:38,01:20,\N
981,FI,LIT,YUL,10:08,16:02,02:11,\N
982,EY,TYR,YUL,14:28,10:27,02:51,\N
983,TK,PBZ,YUL,03:15,09:41,02:10,\N
984,KL,PBC,YUL,21:28,05:51,02:27,\N
985,FI,PZH,YUL,20:25,10:02,01:54,\N
986,NZ,AHU,YUL,14:26,02:07,01:06,\N
987,AA,YTO,YUL,10:49,17:20,01:28,\N
988,SWG,IST,YUL,05:57,12:51,02:41,\N
989,QF,BEL,YUL,02:23,04:51,01:29,\N
990,DY,PMW,YUL,00:35,11:13,02:55,\N
991,FX,MRU,YUL,15:52,15:34,01:35,\N
992,HA,ALW,YUL,11:28,06:49,02:13,\N
993,JZA,CNF,YUL,11:40,19:17,02:12,\N
994,AA,YYZ,YUL,09:24,21:39,02:17,\N
995,5X,PIS,YUL,01:14,19:56,01:48,\N
996,5X,TRN,YUL,22:30,21:05,02:07,\N
997,AM,ALJ,YUL,06:47,15:58,01:23,\N
998,PO,BGY,YUL,19:41,14:24,02:33,\N
999,BA,MAD,YUL,13:38,12:05,01:55,\N
1000,5Y,UIT,YUL,22:41,03:35,01:28,\N
1001,HX,GFK,YUL,07:38,22:05,01:16,\N
1002,FX,DFW,YUL,04:27,17:28,02:49,\N
1003,G4,JUI,YUL,17:08,21:07,01:22,\N
1004,PD,AAR,YUL,00:42,13:09,02:06,\N
1005,BR,KSD,YUL,20:59,04:53,01:23,\N
1006,AY,KWL,YUL,15:27,02:06,01:24,\N
1007,AM,DAC,YUL,12:13,10:00,01:45,\N
1008,DY,KGC,YUL,09:28,13:55,02:50,\N
1009,DL,SMF,YUL,10:04,13:17,02:12,\N
1010,EY,JUL,YUL,12:44,17:19,01:48,\N
1011,AC,LEY,YUL,05:23,07:01,02:09,\N
1012,AM,HDY,YUL,11:57,15:39,01:25,\N
1013,UA,CMN,YUL,03:48,23:02,02:31,\N
1014,PO,FLL,YUL,18:07,21:07,01:27,\N
1015,HX,DBO,YUL,16:33,11:18,02:09,\N
1016,DL,MGH,YUL,00:52,02:48,01:56,\N
1017,LX,BEN,YUL,19:12,01:00,02:09,\N
1018,SY,JMB,YUL,03:16,11:21,01:08,\N
1019,JL,BSB,YUL,13:38,14:45,01:54,\N
1020,CU,JAF,YUL,17:19,02:45,02:13,\N
1021,G4,LYS,YUL,15:04,05:26,01:51,\N
1022,PD,PEW,YUL,03:15,13:29,01:36,\N
1023,CA,FRO,YUL,23:35,12:57,01:12,\N
1024,WN,AUS,YUL,07:34,11:13,02:20,\N
1025,CX,DTW,YUL,12:35,01:40,02:34,\N
1026,HA,SVD,YUL,11:13,07:23,02:05,\N
1027,HA,FEZ,YUL,23:46,12:29,02:45,\N
1028,B6,SDL,YUL,09:14,19:34,02:12,\N
1029,SWG,CMH,YUL,03:59,12:49,02:19,\N
1030,PO,PAP,YUL,23:29,22:00,01:11,\N
1031,LX,EKO,YUL,08:17,02:36,02:05,\N
1032,AC,MFM,YUL,00:19,12:23,01:05,\N
1033,QR,ENA,YUL,18:11,19:51,02:39,\N
1034,HX,LBB,YUL,02:14,17:17,02:55,\N
1035,AS,LAD,YUL,12:15,04:57,02:01,\N
1036,WN,NWI,YUL,23:57,05:45,01:35,\N
1037,LH,GRQ,YUL,14:59,04:50,02:49,\N
1038,BR,CAE,YUL,18:27,11:57,01:05,\N
1039,QF,MJV,YUL,09:10,00:22,02:52,\N
1040,CX,HLP,YUL,08:01,20:06,02:06,\N
1041,NZ,RRG,YUL,13:40,13:34,02:26,\N
1042,F9,ABS,YUL,20:42,09:48,01:07,\N
1043,SY,FKS,YUL,03:58,10:47,01:49,\N
1044,EY,DTM,YUL,06:36,22:17,02:21,\N
1045,5X,ABM,YUL,09:38,12:21,01:53,\N
1046,NK,PLN,YUL,06:12,08:28,01:11,\N
1047,TSC,ARH,YUL,03:26,13:41,02:31,\N
1048,VS,VXO,YUL,23:30,10:45,01:53,\N
1049,FX,TVL,YUL,02:46,15:48,01:14,\N
1050,AZ,XIY,YUL,23:22,11:05,01:14,\N
1051,PO,HRK,YUL,06:30,09:01,01:14,\N
1052,QF,LSY,YUL,16:16,22:06,01:59,\N
1053,F9,ALY,YUL,00:53,17:57,02:25,\N
1054,5Y,MGW,YUL,11:01,02:58,01:28,\N
1055,AS,TXL,YUL,03:48,16:52,02:30,\N
1056,SQ,AHB,YUL,07:12,08:51,01:21,\N
1057,EY,UNK,YUL,14:52,07:01,01:19,\N
1058,UA,RNO,YUL,23:18,09:03,02:26,\N
1059,LH,VLL,YUL,17:06,20:24,02:54,\N
1060,TSC,TAO,YUL,08:06,12:17,01:50,\N
1061,AC,UIN,YUL,21:51,23:36,01:09,\N
1062,AZ,EVN,YUL,19:16,21:52,01:34,\N
1063,G4,PIB,YUL,21:43,04:44,01:17,\N
1064,BR,KEL,YUL,04:10,13:26,01:22,\N
1065,UA,PIH,YUL,08:57,13:54,02:38,\N
1066,SQ,KIM,YUL,23:36,05:26,01:16,\N
1067,HX,PBZ,YUL,05:32,21:59,02:22,\N
1068,DY,FOD,YUL,08:58,14:28,01:31,\N
1069,SQ,LWT,YUL,17:48,06:31,01:05,\N
1070,AY,HMO,YUL,21:11,18:25,01:57,\N
1071,AC,SHE,YUL,00:02,02:55,01:58,\N
1072,AF,EZE,YUL,13:10,14:14,01:35,\N
1073,5Y,JEE,YUL,05:36,20:33,02:08,\N
1074,FX,LDY,YUL,00:48,14:58,02:01,\N
1075,PO,BGU,YUL,05:28,12:21,02:30,\N
1076,EY,AHO,YUL,16:38,18:08,01:43,\N
1077,ROU,LMP,YUL,09:13,10:08,01:00,\N
1078,AA,MLM,YUL,21:54,11:10,02:40,\N
1079,JZA,DJB,YUL,03:27,19:08,01:57,\N
1080,DL,CEC,YUL,18:55,11:26,01:20,\N
1081,EK,NBO,YUL,13:25,02:28,01:57,\N
1082,TK,ARN,YUL,09:23,11:34,02:32,\N
1083,SQ,JUJ,YUL,05:12,03:53,02:29,\N
1084,SY,TIP,YUL,12:26,13:10,01:32,\N
1085,G4,KEL,YUL,17:32,06:57,01:28,\N
1086,WN,DMK,YUL,01:48,19:02,02:20,\N
1087,CU,FUK,YUL,22:48,05:55,01:28,\N
1088,JL,KRS,YUL,17:24,03:06,01:03,\N
1089,AC,AEH,YUL,22:00,01:26,01:46,\N
1090,QF,ABQ,YUL,04:30,01:48,02:10,\N
1091,VS,LUD,YUL,14:00,06:45,02:40,\N
1092,QF,LZR,YUL,10:06,01:57,02:21,\N
1093,SQ,NGE,YUL,20:04,06:49,02:23,\N
1094,WN,MSN,YUL,18:02,14:02,01:35,\N
1095,HX,IBZ,YUL,00:12,05:23,02:38,\N
1096,AM,KCC,YUL,08:46,01:22,02:44,\N
1097,G4,VBS,YUL,13:07,08:12,01:06,\N
1098,UA,BJI,YUL,02:00,11:09,02:31,\N
1099,CU,DJJ,YUL,00:05,09:18,01:34,\N
1100,VS,CAG,YUL,10:50,13:13,01:23,\N